Attendance,StudyHours,AssignmentScore,PreviousGPA,ParticipationLevel,InternetUsage,SleepHours,FamilySupportIndex,ExtraCurricular,FinalExamScore,PassFail,PerformanceCategory
98,3.1,93,9.1,2,1.66,7.65,1,0,73.67,Pass,High
88,9.2,58,7.41,1,3.35,8.35,4,1,80.86,Pass,High
74,8.99,70,9.3,2,2.08,5.86,5,1,86.12,Pass,High
67,6.78,73,8.06,4,5.6,5.48,3,0,70.83,Pass,High
80,6.8,83,7.85,1,5.54,8.41,1,0,72.97,Pass,High
98,7.32,71,6.18,4,3.01,5.63,1,0,75.66,Pass,High
78,3.4,52,7.16,2,1.97,8.9,1,1,59.03,Pass,Medium
82,9.32,61,9.72,1,4.42,8.37,3,1,84.85,Pass,High
70,5.35,77,7.57,2,0.22,7.0,4,0,72.69,Pass,High
70,5.07,79,8.19,1,2.85,8.93,1,0,67.66,Pass,Medium
83,6.15,75,8.13,2,2.02,5.39,5,0,76.13,Pass,High
95,2.38,97,8.36,4,5.52,6.21,1,1,69.94,Pass,Medium
99,3.33,70,6.25,4,0.07,7.55,4,1,70.6,Pass,High
83,7.9,77,7.45,2,3.32,6.4,3,0,78.3,Pass,High
62,2.66,75,8.89,1,4.44,8.71,1,0,58.89,Pass,Medium
81,6.83,82,6.8,3,2.91,5.26,1,1,74.26,Pass,High
61,3.96,70,6.81,4,0.51,7.2,5,1,67.27,Pass,Medium
83,5.11,84,6.04,4,5.83,7.36,5,0,70.47,Pass,High
89,4.31,83,7.75,3,3.11,7.61,1,0,70.9,Pass,High
97,4.85,90,9.53,2,3.69,6.02,1,0,75.77,Pass,High
61,7.75,100,6.21,1,1.42,6.46,5,1,78.7,Pass,High
80,4.38,96,6.76,2,2.9,8.37,4,0,71.81,Pass,High
92,6.53,67,7.24,5,2.57,5.78,2,1,76.96,Pass,High
71,5.81,60,8.93,4,0.45,8.31,2,1,74.09,Pass,High
81,7.31,72,8.56,5,0.64,7.25,1,0,80.62,Pass,High
84,9.49,97,7.66,4,5.02,8.05,5,0,91.07,Pass,High
86,7.86,71,9.04,4,1.44,7.85,3,1,87.03,Pass,High
87,3.72,66,8.44,5,1.17,5.83,3,0,69.19,Pass,Medium
75,2.25,54,9.58,5,3.03,7.28,2,1,63.87,Pass,Medium
74,4.1,93,9.27,2,4.61,8.47,4,0,73.84,Pass,High
62,6.76,60,7.01,5,0.37,6.73,2,0,69.55,Pass,Medium
96,2.41,79,7.09,2,3.46,8.87,1,0,62.6,Pass,Medium
66,5.97,64,6.5,2,0.72,6.81,4,0,68.38,Pass,Medium
80,6.77,76,7.35,2,0.22,5.57,3,1,76.28,Pass,High
68,4.67,84,10.0,4,0.32,6.56,5,1,81.15,Pass,High
98,8.17,82,7.62,4,5.0,8.81,5,1,88.2,Pass,High
77,2.85,69,6.88,5,0.71,6.28,1,0,61.79,Pass,Medium
63,2.6,65,9.05,4,0.27,8.47,2,1,65.14,Pass,Medium
84,7.83,83,8.17,5,2.63,8.53,1,1,85.04,Pass,High
73,5.96,51,6.6,4,5.06,6.4,5,1,67.62,Pass,Medium
68,7.51,84,7.52,1,1.57,5.33,3,0,75.05,Pass,High
85,5.48,89,7.66,1,2.53,7.9,5,1,77.99,Pass,High
61,3.97,77,9.02,5,0.24,6.25,4,0,70.54,Pass,High
79,8.55,96,6.08,4,2.69,8.13,5,0,86.43,Pass,High
87,8.4,88,7.08,4,3.47,6.77,5,1,87.63,Pass,High
66,7.56,55,8.07,2,3.43,6.94,4,0,71.71,Pass,High
67,4.18,58,7.08,3,1.99,8.11,2,1,63.07,Pass,Medium
94,6.72,69,8.51,5,1.89,6.53,5,1,85.15,Pass,High
73,4.89,50,7.93,3,0.64,6.77,1,1,64.84,Pass,Medium
76,2.73,57,7.45,3,2.2,6.5,5,1,62.7,Pass,Medium
95,9.34,72,9.8,5,0.6,6.47,1,1,92.64,Pass,High
99,3.09,52,8.53,4,4.6,7.1,4,0,66.82,Pass,Medium
63,9.6,53,6.52,5,5.8,8.24,5,1,78.28,Pass,High
61,5.57,74,8.24,3,5.82,6.45,4,0,67.96,Pass,Medium
65,3.48,96,9.12,4,5.19,7.1,4,1,71.6,Pass,High
63,6.34,87,8.83,1,3.6,7.68,2,1,74.56,Pass,High
88,8.98,64,6.69,5,4.21,6.08,5,1,83.14,Pass,High
77,7.86,70,9.89,5,1.71,6.11,1,0,82.07,Pass,High
85,8.45,84,7.8,4,3.78,8.73,1,0,83.95,Pass,High
93,7.27,95,6.64,1,2.73,7.89,5,0,82.79,Pass,High
69,7.54,63,6.72,1,2.89,7.31,2,0,68.86,Pass,Medium
95,8.79,85,6.39,4,4.55,7.59,2,1,85.85,Pass,High
73,4.0,61,9.21,2,1.69,5.12,2,1,65.8,Pass,Medium
90,5.92,66,6.49,5,1.91,7.47,1,0,72.52,Pass,High
74,3.77,88,6.5,5,5.55,7.04,4,0,67.16,Pass,Medium
67,9.9,58,9.4,3,0.34,7.18,2,0,84.03,Pass,High
73,9.55,84,7.38,4,2.91,6.44,1,1,84.79,Pass,High
82,2.32,62,6.12,3,5.48,5.33,1,0,51.67,Pass,Medium
99,7.64,64,6.21,3,3.66,5.77,4,0,77.04,Pass,High
80,9.4,67,6.57,1,3.28,8.8,5,1,82.56,Pass,High
75,3.44,100,6.85,5,1.5,6.63,5,0,72.7,Pass,High
77,6.54,82,8.66,3,2.06,6.87,2,1,78.81,Pass,High
83,9.32,55,6.63,1,5.11,5.21,2,1,73.51,Pass,High
85,2.27,76,6.48,4,3.36,5.15,4,1,62.38,Pass,Medium
84,7.58,72,9.06,3,3.09,7.87,2,1,82.57,Pass,High
100,4.38,76,8.68,5,0.6,7.15,4,1,81.07,Pass,High
88,9.4,83,7.74,3,0.1,7.03,1,0,87.11,Pass,High
74,9.77,95,8.2,4,5.78,5.97,2,0,86.32,Pass,High
60,9.55,87,7.25,3,2.26,7.98,1,1,82.41,Pass,High
84,5.79,63,7.93,5,3.62,5.67,3,1,74.46,Pass,High
66,8.9,85,8.03,1,0.48,5.76,4,0,81.64,Pass,High
68,8.76,57,7.55,5,4.1,6.84,3,0,75.88,Pass,High
83,4.55,84,9.63,1,5.6,6.15,2,1,71.08,Pass,High
60,8.63,68,6.06,2,3.45,5.99,1,0,67.12,Pass,Medium
67,2.3,79,9.13,5,0.76,7.58,2,0,66.92,Pass,Medium
83,6.77,63,6.5,5,3.49,7.6,3,1,74.57,Pass,High
70,3.84,69,9.19,4,4.6,8.3,2,0,66.17,Pass,Medium
76,2.96,98,8.46,3,2.44,6.67,5,0,72.15,Pass,High
67,2.62,74,9.37,1,5.28,5.29,3,0,58.86,Pass,Medium
94,7.57,89,6.39,1,3.89,6.09,2,0,76.52,Pass,High
94,4.72,73,8.24,4,5.4,8.92,1,1,72.15,Pass,High
92,7.8,63,8.0,4,3.74,7.39,2,0,79.79,Pass,High
64,2.52,75,8.82,3,0.79,7.84,1,1,64.17,Pass,Medium
98,4.52,87,8.14,3,1.86,5.03,5,0,78.25,Pass,High
100,6.32,72,8.16,5,1.21,7.07,2,1,82.27,Pass,High
87,8.33,71,7.72,2,5.45,5.15,5,1,79.56,Pass,High
66,4.55,97,7.24,3,4.56,7.28,3,0,69.25,Pass,Medium
68,7.01,68,7.93,4,4.06,8.68,1,1,73.95,Pass,High
67,9.09,95,6.47,3,1.81,8.87,3,1,85.73,Pass,High
71,6.93,100,9.85,1,1.1,7.16,1,1,83.53,Pass,High
93,3.86,52,8.86,2,4.54,6.83,5,1,68.72,Pass,Medium
92,2.2,91,9.81,5,2.84,8.78,4,1,77.84,Pass,High
82,8.96,68,6.91,1,1.35,7.69,2,0,78.57,Pass,High
83,2.17,58,9.52,1,3.7,5.26,5,1,61.6,Pass,Medium
96,9.0,77,9.24,2,0.24,6.86,1,1,90.08,Pass,High
94,6.23,69,8.71,5,1.96,5.96,1,0,78.3,Pass,High
99,9.51,94,8.5,4,2.81,6.88,1,0,92.45,Pass,High
81,8.39,56,7.27,5,0.89,6.82,1,1,78.3,Pass,High
86,9.98,63,9.27,3,5.91,7.33,2,0,84.29,Pass,High
94,4.81,58,8.01,1,1.25,6.43,3,0,69.43,Pass,Medium
60,8.14,68,6.28,3,0.78,5.66,4,0,72.95,Pass,High
94,5.22,96,7.25,4,1.22,7.01,2,0,79.09,Pass,High
96,5.84,63,9.74,3,4.61,8.32,1,0,75.61,Pass,High
73,7.02,87,9.4,5,2.55,7.66,2,0,83.05,Pass,High
62,8.99,85,9.93,3,3.39,6.35,5,1,87.74,Pass,High
60,9.87,89,8.51,4,0.13,8.74,1,1,89.45,Pass,High
64,8.15,66,6.99,4,0.21,8.65,4,0,78.97,Pass,High
85,5.34,79,6.65,4,2.67,5.84,1,0,68.96,Pass,Medium
73,5.37,58,6.75,5,4.9,5.16,4,1,66.64,Pass,Medium
98,7.9,82,6.08,4,5.31,7.97,4,0,80.51,Pass,High
86,3.91,74,7.56,1,0.52,8.31,3,1,69.9,Pass,Medium
68,2.88,63,6.77,4,3.23,8.87,3,0,59.89,Pass,Medium
74,4.84,60,7.65,3,5.48,8.56,2,1,65.97,Pass,Medium
74,4.3,84,9.74,3,2.33,7.4,2,1,74.52,Pass,High
85,4.37,90,7.72,3,4.98,7.12,4,0,71.47,Pass,High
72,3.87,63,9.51,5,0.8,5.11,1,0,67.38,Pass,Medium
91,2.34,79,8.42,3,5.61,5.99,5,0,65.57,Pass,Medium
98,2.14,90,6.99,5,4.51,6.84,5,0,70.06,Pass,High
91,9.9,53,7.42,5,5.65,7.51,1,1,81.7,Pass,High
63,5.42,53,6.34,4,4.06,7.23,1,0,59.13,Pass,Medium
89,5.07,77,7.33,1,2.18,7.97,3,1,72.46,Pass,High
96,7.44,57,8.71,4,5.63,6.12,5,0,79.77,Pass,High
82,3.75,51,6.29,4,1.65,7.26,4,1,64.02,Pass,Medium
98,9.6,90,6.82,5,1.99,5.35,2,0,89.82,Pass,High
74,8.29,95,7.53,5,4.2,6.65,3,0,83.55,Pass,High
88,2.72,71,9.93,3,4.59,8.0,5,1,71.1,Pass,High
95,5.34,90,9.14,3,5.58,7.77,1,0,77.09,Pass,High
72,9.03,65,8.93,4,1.23,8.96,5,0,86.29,Pass,High
91,9.56,78,6.46,2,4.79,6.11,4,0,81.95,Pass,High
66,5.74,98,9.12,2,4.43,6.99,3,0,75.0,Pass,High
81,6.91,97,9.14,3,0.38,6.32,1,0,82.84,Pass,High
87,3.34,79,8.4,2,2.32,6.76,4,1,70.02,Pass,High
61,9.93,61,9.96,3,1.7,8.43,2,0,84.84,Pass,High
65,3.85,84,7.3,5,1.83,7.74,3,1,70.72,Pass,High
87,9.54,60,9.77,4,5.9,8.53,4,0,88.66,Pass,High
87,7.2,95,9.66,1,3.86,5.81,4,0,84.35,Pass,High
79,6.86,99,6.05,4,4.31,8.49,1,1,77.72,Pass,High
89,6.1,70,7.8,3,5.86,5.24,2,1,71.53,Pass,High
70,3.85,70,9.91,3,2.26,8.55,4,1,72.34,Pass,High
87,3.41,54,6.41,4,4.81,6.32,3,1,61.88,Pass,Medium
84,3.76,97,8.19,3,2.61,6.26,4,1,75.05,Pass,High
98,3.49,69,9.92,2,5.22,7.05,5,0,72.71,Pass,High
92,8.24,86,8.22,2,1.08,8.76,3,1,89.61,Pass,High
60,4.8,52,6.76,3,5.69,5.19,3,1,57.55,Pass,Medium
86,2.46,93,8.33,3,1.31,6.41,4,0,69.94,Pass,Medium
72,9.75,82,6.82,2,1.96,8.43,1,0,81.5,Pass,High
100,9.07,58,8.08,3,4.54,6.58,3,1,84.08,Pass,High
62,9.42,58,6.3,3,2.36,5.8,5,1,77.57,Pass,High
98,9.96,53,8.42,4,3.65,6.7,1,1,85.72,Pass,High
65,3.39,84,8.07,1,2.67,6.54,1,0,60.41,Pass,Medium
67,5.17,66,8.96,2,4.45,8.66,1,1,68.18,Pass,Medium
86,8.07,83,8.52,4,1.37,8.05,3,0,86.94,Pass,High
68,7.57,73,8.2,1,0.35,7.02,1,0,73.03,Pass,High
96,3.23,81,8.76,3,1.8,8.95,4,0,75.14,Pass,High
92,8.53,50,6.58,3,2.85,6.86,1,0,74.39,Pass,High
83,3.8,57,8.38,4,1.01,5.23,5,1,69.4,Pass,Medium
74,3.79,94,6.69,3,2.13,6.05,2,0,66.19,Pass,Medium
91,6.3,72,9.7,5,2.4,6.74,5,0,84.48,Pass,High
91,6.74,96,6.27,4,0.34,5.63,3,1,82.81,Pass,High
83,6.64,89,7.72,1,3.5,8.79,1,0,74.95,Pass,High
100,2.73,61,8.78,4,5.31,8.07,1,1,67.16,Pass,Medium
71,9.02,61,7.83,2,0.91,6.07,4,0,79.85,Pass,High
98,4.12,95,6.37,4,3.59,7.36,1,1,72.79,Pass,High
61,3.04,96,8.21,3,3.99,7.89,5,0,66.9,Pass,Medium
62,9.11,64,8.57,3,2.52,8.77,3,0,80.74,Pass,High
96,9.65,90,8.82,5,4.21,8.53,2,1,95.17,Pass,High
76,8.9,68,7.49,5,2.46,7.06,1,0,80.19,Pass,High
61,8.48,75,8.25,5,3.03,8.1,2,0,81.04,Pass,High
61,7.24,78,7.8,1,0.04,7.25,1,1,73.26,Pass,High
87,6.41,71,8.69,5,4.15,7.21,3,0,78.09,Pass,High
82,2.7,89,8.33,1,3.97,5.46,5,0,65.98,Pass,Medium
96,5.27,70,8.1,5,0.23,5.5,3,1,79.31,Pass,High
91,4.98,100,7.0,1,2.21,7.12,2,1,77.1,Pass,High
92,4.08,87,6.01,4,5.87,6.08,1,1,66.82,Pass,Medium
60,7.79,69,6.7,4,2.52,5.08,2,1,71.16,Pass,High
78,5.97,78,6.47,3,3.01,7.89,5,1,75.02,Pass,High
61,2.65,100,7.8,1,5.46,5.13,3,0,59.1,Pass,Medium
85,3.76,53,8.45,2,4.3,7.38,2,1,63.95,Pass,Medium
91,7.47,56,6.85,3,3.49,7.16,2,0,73.44,Pass,High
65,2.61,77,9.76,4,4.79,8.88,5,1,68.79,Pass,Medium
91,8.81,77,6.03,1,5.19,6.94,1,0,74.98,Pass,High
63,5.96,53,9.09,5,2.74,5.25,2,0,67.97,Pass,Medium
70,5.84,71,8.5,2,2.85,7.21,5,1,74.38,Pass,High
76,6.74,61,7.49,4,2.32,8.36,1,0,72.12,Pass,High
97,8.6,94,6.2,3,5.8,8.99,1,0,82.81,Pass,High
83,4.78,52,8.51,1,4.18,6.72,3,1,66.39,Pass,Medium
64,7.42,71,7.54,2,0.5,6.28,5,1,77.0,Pass,High
93,6.53,93,9.75,1,5.18,8.63,1,1,82.08,Pass,High
65,4.14,51,8.17,5,2.88,5.76,3,1,62.94,Pass,Medium
81,9.03,73,9.76,3,0.41,7.46,4,0,89.58,Pass,High
70,8.38,83,6.88,1,3.3,6.62,5,0,78.12,Pass,High
75,7.27,76,8.9,4,2.5,5.16,4,0,78.94,Pass,High
92,8.8,90,8.47,3,5.27,6.39,1,0,84.42,Pass,High
68,8.94,50,8.96,4,1.22,6.06,5,0,81.54,Pass,High
65,7.67,57,6.86,1,4.96,7.74,3,0,67.53,Pass,Medium
75,8.7,72,8.66,3,3.35,8.8,1,1,82.58,Pass,High
88,7.58,87,7.99,4,0.33,6.07,5,0,87.34,Pass,High
62,7.44,55,8.97,5,5.83,8.25,5,0,75.19,Pass,High
79,6.95,71,7.31,5,3.08,5.22,4,0,75.72,Pass,High
95,8.02,74,9.56,1,1.75,7.15,1,1,85.18,Pass,High
78,3.27,67,6.34,3,2.82,5.28,3,1,61.24,Pass,Medium
85,9.05,66,9.23,2,5.15,8.74,3,1,84.62,Pass,High
62,8.97,61,9.45,3,1.83,8.07,1,1,79.65,Pass,High
78,2.23,55,9.27,5,1.16,7.63,1,0,62.33,Pass,Medium
79,8.61,75,8.05,4,0.77,8.3,2,0,84.63,Pass,High
91,3.03,76,7.75,2,1.79,7.59,4,0,68.02,Pass,Medium
66,4.68,57,9.99,1,4.68,8.88,1,1,65.42,Pass,Medium
100,7.95,68,6.92,2,2.83,7.86,1,0,78.76,Pass,High
92,3.29,91,8.19,1,1.36,8.7,2,0,71.29,Pass,High
99,8.54,50,8.68,2,1.0,7.07,2,0,81.47,Pass,High
98,8.66,78,8.8,1,2.0,5.47,5,1,89.22,Pass,High
77,6.06,94,6.82,1,5.64,7.11,3,1,72.08,Pass,High
99,2.05,98,8.62,2,2.06,5.51,4,1,72.49,Pass,High
60,4.3,84,9.27,2,5.93,7.37,5,0,68.68,Pass,Medium
70,6.94,89,6.2,1,2.91,6.93,1,0,70.04,Pass,High
87,9.85,63,9.65,5,1.07,7.49,2,0,90.71,Pass,High
84,7.05,84,6.12,2,5.35,5.04,3,0,71.79,Pass,High
82,4.08,97,7.42,3,2.76,5.78,5,1,75.14,Pass,High
90,7.07,94,6.06,4,4.26,6.97,3,0,79.39,Pass,High
89,6.32,69,6.31,1,5.9,8.8,2,1,70.08,Pass,High
94,8.24,98,9.64,1,0.3,6.53,5,0,93.69,Pass,High
66,2.86,62,7.42,4,0.58,6.7,5,1,64.9,Pass,Medium
75,8.09,87,7.7,5,4.32,7.86,3,0,83.84,Pass,High
85,6.33,98,6.86,4,1.69,7.42,2,0,79.32,Pass,High
61,9.7,95,8.39,2,1.11,6.2,1,1,86.64,Pass,High
60,4.73,98,8.38,4,0.24,6.64,5,1,77.32,Pass,High
71,7.06,57,7.49,1,0.13,5.87,1,0,69.03,Pass,Medium
64,9.46,92,7.33,4,4.65,8.86,2,0,83.08,Pass,High
96,2.82,69,9.54,3,0.81,5.52,5,0,72.04,Pass,High
91,9.5,82,7.53,2,2.81,6.49,5,1,89.43,Pass,High
68,7.5,75,7.97,4,3.64,5.1,1,0,72.72,Pass,High
100,2.54,88,7.13,1,2.57,5.89,4,1,68.53,Pass,Medium
94,4.41,70,9.15,2,0.16,8.12,1,0,72.88,Pass,High
78,7.67,98,7.59,1,4.7,5.8,1,0,75.59,Pass,High
75,2.54,91,8.05,5,0.06,5.32,4,0,69.85,Pass,Medium
62,6.66,92,7.01,3,4.57,6.9,2,0,72.34,Pass,High
79,4.77,90,9.95,5,5.36,5.04,2,1,76.14,Pass,High
83,6.97,58,7.17,3,2.6,5.34,5,1,75.46,Pass,High
92,2.37,73,9.08,4,3.21,8.23,3,0,68.6,Pass,Medium
83,8.97,86,7.71,2,2.86,8.09,3,0,84.41,Pass,High
70,9.79,98,6.82,4,2.34,8.66,5,0,90.58,Pass,High
67,9.75,90,9.2,3,5.32,8.42,3,1,89.75,Pass,High
95,8.0,66,7.33,3,5.36,7.73,1,0,76.74,Pass,High
97,3.04,73,9.46,3,2.01,5.21,1,1,70.35,Pass,High
99,8.07,70,9.66,1,3.69,8.13,4,1,87.9,Pass,High
79,2.2,100,9.44,2,5.56,8.38,4,1,70.87,Pass,High
94,2.18,88,6.14,4,5.77,8.2,5,1,67.45,Pass,Medium
84,4.59,90,9.15,4,3.05,7.03,5,0,79.09,Pass,High
94,5.91,88,7.65,5,2.72,5.93,5,0,82.15,Pass,High
84,8.16,62,9.49,3,1.67,8.38,1,1,82.51,Pass,High
88,7.47,60,8.55,3,5.75,7.91,3,0,76.87,Pass,High
77,5.57,95,9.33,3,0.86,8.92,5,0,83.82,Pass,High
77,4.19,68,8.0,4,3.48,5.62,5,0,67.78,Pass,Medium
61,9.98,60,8.14,5,1.7,5.9,1,1,81.03,Pass,High
94,5.41,62,6.58,1,1.67,5.85,1,0,65.13,Pass,Medium
75,5.61,95,9.14,2,2.43,8.17,1,0,75.65,Pass,High
100,3.31,94,7.68,1,5.99,5.75,3,0,67.93,Pass,Medium
95,8.36,50,8.0,4,0.33,5.27,5,0,83.23,Pass,High
92,7.55,89,9.14,3,3.47,8.99,2,0,86.1,Pass,High
63,3.77,93,8.4,2,0.5,5.1,2,0,66.26,Pass,Medium
92,2.66,68,6.8,4,0.93,8.34,5,0,67.74,Pass,Medium
73,7.44,61,8.36,4,2.64,6.46,5,0,78.0,Pass,High
80,7.24,57,7.63,4,3.06,8.37,5,0,78.18,Pass,High
79,4.19,57,7.88,2,1.55,7.22,5,0,67.15,Pass,Medium
67,9.61,94,6.11,2,1.9,8.61,3,1,85.43,Pass,High
66,3.21,61,6.84,5,0.52,8.7,2,0,61.32,Pass,Medium
62,5.46,97,7.12,5,1.82,5.04,4,1,75.3,Pass,High
76,9.55,82,8.85,1,5.8,5.3,2,0,81.09,Pass,High
92,5.36,94,6.05,2,5.67,6.0,2,1,70.42,Pass,High
71,7.11,75,7.64,2,2.01,7.68,1,1,74.22,Pass,High
81,5.18,88,9.7,2,3.43,8.55,5,0,80.05,Pass,High
81,4.19,77,6.45,5,5.46,6.84,5,1,69.74,Pass,Medium
89,9.87,54,8.07,4,0.04,7.43,5,1,89.91,Pass,High
97,5.27,57,9.15,3,4.86,5.75,1,1,70.27,Pass,High
97,9.15,74,9.77,5,5.69,8.22,3,0,91.76,Pass,High
67,3.84,76,8.99,2,0.55,8.87,3,1,69.81,Pass,Medium
86,3.7,95,8.88,5,0.97,6.07,4,1,79.72,Pass,High
86,2.25,72,9.31,1,5.76,6.98,3,0,61.6,Pass,Medium
93,7.21,79,7.78,2,3.23,5.34,3,1,80.22,Pass,High
80,4.95,94,9.22,1,0.09,7.24,5,1,80.43,Pass,High
89,8.91,96,6.03,2,1.55,7.01,2,1,86.71,Pass,High
92,5.79,72,9.7,5,2.7,5.58,3,0,79.91,Pass,High
87,9.75,98,7.77,4,4.16,6.77,3,1,92.52,Pass,High
92,3.48,96,8.21,3,4.4,6.34,1,0,69.55,Pass,Medium
64,8.95,69,7.02,1,5.97,7.09,4,1,74.76,Pass,High
78,8.21,67,8.97,5,1.73,7.34,1,1,83.24,Pass,High
63,8.17,67,6.31,4,3.23,5.03,5,1,75.87,Pass,High
94,8.76,51,9.49,5,3.2,8.04,2,1,86.59,Pass,High
76,8.09,53,9.31,1,2.43,7.85,4,0,78.03,Pass,High
87,7.01,79,6.86,3,1.01,6.47,1,1,77.81,Pass,High
89,3.05,82,9.24,5,5.86,5.21,3,0,69.65,Pass,Medium
88,2.26,85,9.15,2,5.12,8.02,3,1,67.65,Pass,Medium
65,9.37,67,8.53,4,2.99,8.82,4,0,84.96,Pass,High
94,6.93,86,7.49,5,3.62,5.96,3,1,82.6,Pass,High
100,8.37,68,7.09,4,1.36,6.29,1,1,83.07,Pass,High
96,5.85,96,6.93,2,3.26,5.74,1,0,75.43,Pass,High
83,2.94,77,7.27,3,4.17,7.31,3,0,64.69,Pass,Medium
88,3.0,89,9.61,3,3.09,5.62,3,0,71.93,Pass,High
90,7.48,69,6.31,2,5.94,6.42,5,0,73.98,Pass,High
94,5.44,98,9.32,4,3.67,7.79,2,1,84.01,Pass,High
92,3.6,82,7.4,5,2.23,7.24,4,0,73.25,Pass,High
80,5.93,61,8.09,2,4.63,6.55,1,0,66.71,Pass,Medium
91,2.51,100,9.18,1,1.02,6.68,4,0,72.73,Pass,High
82,6.66,64,9.54,4,2.31,7.25,5,1,83.08,Pass,High
92,4.15,90,7.38,3,2.08,5.02,1,1,71.39,Pass,High
62,8.38,88,7.85,2,2.59,5.31,5,1,81.02,Pass,High
77,4.48,51,7.66,3,4.69,8.53,5,1,66.49,Pass,Medium
84,5.64,78,6.05,4,2.91,5.31,3,0,70.37,Pass,High
90,2.09,90,7.18,3,4.76,7.83,4,1,66.74,Pass,Medium
62,2.58,59,7.84,2,3.46,8.68,4,0,57.97,Pass,Medium
99,5.14,51,7.64,4,2.05,6.08,3,1,72.35,Pass,High
83,5.84,100,8.89,1,4.86,6.48,4,0,78.89,Pass,High
91,6.8,60,7.54,2,1.43,7.28,3,0,75.1,Pass,High
81,4.33,62,7.96,5,1.35,8.53,1,0,68.36,Pass,Medium
82,7.56,59,7.72,2,3.03,8.77,5,0,77.02,Pass,High
61,8.88,63,8.96,4,1.57,7.96,5,0,82.97,Pass,High
86,8.24,67,9.45,2,0.05,5.35,4,1,85.55,Pass,High
61,2.32,100,8.13,1,3.89,7.68,2,0,60.96,Pass,Medium
85,5.84,58,9.16,1,3.07,6.64,5,0,73.19,Pass,High
76,2.84,88,7.19,5,2.67,6.88,3,0,66.55,Pass,Medium
99,3.94,77,8.17,3,5.8,5.2,2,0,68.01,Pass,Medium
92,9.89,52,7.38,4,3.43,5.76,2,1,82.23,Pass,High
68,3.14,69,7.66,4,5.18,8.16,5,1,65.19,Pass,Medium
98,5.99,55,8.93,3,0.84,6.82,5,0,78.76,Pass,High
88,6.95,76,9.53,1,3.42,6.21,5,0,81.41,Pass,High
85,7.62,51,6.49,1,5.21,6.54,3,0,68.35,Pass,Medium
94,6.48,78,8.54,2,3.5,8.42,2,0,78.69,Pass,High
84,2.08,87,8.33,5,4.31,8.0,4,1,70.25,Pass,High
83,4.61,52,6.47,5,2.23,6.09,3,1,65.42,Pass,Medium
72,6.14,65,6.85,5,0.55,5.47,1,0,69.91,Pass,Medium
66,2.7,79,7.24,2,2.75,6.01,5,0,60.7,Pass,Medium
95,4.81,89,6.67,5,2.37,8.68,2,0,76.33,Pass,High
79,2.27,51,6.97,3,5.2,7.33,3,0,54.51,Pass,Medium
60,2.63,66,7.07,2,1.46,7.13,1,0,54.39,Pass,Medium
67,5.18,90,7.34,3,5.8,7.39,3,1,70.98,Pass,High
75,3.06,61,9.0,2,5.75,6.46,3,1,60.81,Pass,Medium
73,6.54,84,8.29,5,1.49,8.23,4,0,82.52,Pass,High
71,7.52,92,9.94,3,2.09,7.09,4,1,87.63,Pass,High
82,8.4,50,7.66,3,5.37,5.47,3,1,74.38,Pass,High
74,3.6,94,9.02,3,5.8,5.52,1,1,67.6,Pass,Medium
87,3.34,64,9.49,2,2.66,7.15,2,0,65.45,Pass,Medium
93,2.84,75,8.72,4,1.93,8.75,2,1,71.73,Pass,High
61,7.09,86,7.65,5,3.16,6.23,5,1,79.6,Pass,High
91,7.65,70,9.01,3,4.13,8.48,5,0,84.54,Pass,High
82,2.25,98,6.81,4,1.64,8.06,2,1,69.33,Pass,Medium
81,9.49,80,7.31,5,4.42,5.99,3,0,85.49,Pass,High
84,2.42,74,8.19,5,0.31,5.15,3,1,68.48,Pass,Medium
81,6.33,72,8.3,3,0.3,5.41,4,0,77.13,Pass,High
81,7.67,73,6.09,3,2.32,7.91,4,0,76.95,Pass,High
65,8.97,87,9.78,2,2.12,5.8,5,1,87.27,Pass,High
74,7.71,77,8.79,4,1.89,6.49,2,1,81.55,Pass,High
96,8.41,70,7.98,4,2.95,7.01,3,0,84.35,Pass,High
92,4.72,92,9.73,3,1.92,7.9,2,0,80.38,Pass,High
67,8.52,67,7.76,5,1.15,5.45,1,1,78.85,Pass,High
64,2.64,85,9.92,3,1.86,6.63,2,1,67.75,Pass,Medium
98,9.16,84,8.05,5,5.85,6.94,1,1,88.0,Pass,High
63,6.38,94,6.46,5,2.47,7.16,4,1,76.49,Pass,High
65,8.54,58,9.06,3,2.67,8.27,4,0,78.58,Pass,High
91,5.62,87,8.72,1,3.46,5.69,5,0,76.73,Pass,High
89,7.15,79,9.09,4,5.9,8.23,2,0,80.83,Pass,High
94,6.21,93,9.81,5,1.45,7.77,2,1,89.38,Pass,High
99,7.85,83,9.11,5,4.09,7.22,1,1,88.51,Pass,High
75,2.65,81,8.45,1,4.3,7.8,4,0,64.07,Pass,Medium
72,2.48,52,9.43,2,3.64,6.65,1,0,56.1,Pass,Medium
89,3.98,52,8.69,1,0.53,5.55,4,0,66.86,Pass,Medium
78,3.28,77,7.63,1,4.06,7.66,1,0,60.33,Pass,Medium
76,8.97,93,9.54,5,0.38,7.1,4,0,94.27,Pass,High
78,3.75,64,6.89,4,3.58,7.56,1,0,60.58,Pass,Medium
87,9.81,90,8.86,1,4.44,6.35,4,1,89.89,Pass,High
85,4.7,72,9.53,2,1.27,8.63,1,0,73.89,Pass,High
96,3.46,89,8.93,3,5.05,7.35,2,0,71.84,Pass,High
85,8.32,60,8.79,1,0.18,5.34,5,0,81.06,Pass,High
82,7.27,97,9.01,1,5.06,6.8,1,0,79.48,Pass,High
68,5.99,81,7.86,2,2.76,8.03,5,0,75.03,Pass,High
71,6.44,85,9.5,4,1.31,8.18,2,0,80.46,Pass,High
60,7.75,82,6.81,1,0.8,6.98,2,0,73.06,Pass,High
60,3.83,73,6.51,1,5.72,8.58,4,1,59.81,Pass,Medium
93,9.97,88,7.14,4,0.44,6.07,5,0,92.21,Pass,High
91,9.8,83,8.13,2,1.19,6.64,3,1,90.34,Pass,High
84,7.2,77,8.04,1,2.09,8.59,4,1,81.74,Pass,High
99,3.6,86,9.28,4,3.72,8.59,5,1,80.09,Pass,High
60,7.44,56,7.62,1,3.27,7.74,1,0,66.38,Pass,Medium
75,2.58,53,7.94,3,0.75,8.44,1,0,59.1,Pass,Medium
98,2.25,86,6.05,5,1.74,5.36,2,0,65.96,Pass,Medium
64,4.06,50,7.64,3,1.43,8.46,3,0,60.85,Pass,Medium
81,5.7,50,8.59,1,1.28,6.28,1,0,66.43,Pass,Medium
88,8.95,96,6.06,2,2.47,5.71,5,0,85.16,Pass,High
62,7.82,69,7.12,5,4.22,5.96,5,0,74.8,Pass,High
71,7.94,68,6.83,3,1.3,6.67,1,0,72.92,Pass,High
85,5.4,78,6.17,4,2.2,6.0,5,0,73.11,Pass,High
75,4.77,59,7.92,2,2.35,6.28,5,0,67.2,Pass,Medium
96,4.97,67,6.73,3,5.86,5.54,2,1,67.25,Pass,Medium
81,9.9,77,8.97,4,5.73,6.18,3,0,86.64,Pass,High
88,2.32,84,9.39,1,4.8,7.29,2,0,64.76,Pass,Medium
73,8.94,92,8.18,4,1.45,6.77,3,0,86.95,Pass,High
87,6.63,96,9.93,3,0.41,6.39,5,1,89.93,Pass,High
64,5.51,80,7.8,3,1.9,7.99,3,0,71.23,Pass,High
89,7.8,76,8.05,1,1.6,8.57,5,0,84.04,Pass,High
64,5.89,60,9.96,4,3.04,8.03,5,1,76.99,Pass,High
71,8.99,98,6.93,4,4.67,6.33,2,0,81.22,Pass,High
75,9.21,98,9.77,1,5.15,7.98,2,1,87.93,Pass,High
85,5.37,87,6.17,4,5.07,5.61,4,1,72.41,Pass,High
85,4.21,54,7.79,1,2.16,5.52,1,1,62.01,Pass,Medium
80,6.74,57,6.28,2,4.12,6.38,4,1,68.53,Pass,Medium
98,9.3,83,8.92,3,1.88,8.23,4,0,93.26,Pass,High
95,3.69,97,8.43,2,0.37,5.99,3,1,76.35,Pass,High
92,6.98,61,8.83,5,4.21,5.25,5,1,81.69,Pass,High
89,7.05,87,7.5,5,0.06,5.53,5,0,85.44,Pass,High
96,7.86,50,7.48,5,2.46,8.43,5,0,82.0,Pass,High
82,3.05,80,6.18,1,1.98,7.54,1,0,59.56,Pass,Medium
69,7.73,53,7.4,4,4.16,6.01,3,1,72.05,Pass,High
64,9.27,98,9.72,2,4.6,7.22,3,0,86.34,Pass,High
95,3.44,94,7.52,2,1.82,7.11,5,1,76.43,Pass,High
93,3.9,99,9.33,2,4.87,7.62,4,1,78.81,Pass,High
90,9.77,54,9.37,2,1.76,5.93,1,0,82.63,Pass,High
69,3.45,79,7.49,5,2.68,8.46,4,0,68.35,Pass,Medium
78,8.84,73,8.53,2,4.36,6.24,2,0,79.64,Pass,High
91,5.94,52,6.38,4,4.16,7.78,3,0,68.55,Pass,Medium
60,3.98,60,6.41,5,5.92,5.06,3,0,55.41,Pass,Medium
64,8.97,94,6.19,2,1.35,6.49,4,0,79.84,Pass,High
63,5.56,53,8.32,1,3.97,6.41,1,1,62.5,Pass,Medium
75,6.12,75,7.7,3,3.66,7.17,3,1,73.81,Pass,High
83,4.87,76,8.19,3,5.49,5.29,4,0,69.8,Pass,Medium
75,6.74,95,8.08,3,0.94,8.16,1,1,81.03,Pass,High
61,3.31,92,7.4,5,4.51,5.87,4,1,66.21,Pass,Medium
87,5.13,76,8.71,2,3.41,7.71,1,1,72.59,Pass,High
91,9.76,91,9.03,5,1.65,8.21,5,1,99.49,Pass,High
86,4.07,100,6.06,4,2.85,7.25,1,1,71.74,Pass,High
79,7.25,99,6.83,1,2.0,7.96,2,1,80.74,Pass,High
83,4.6,55,8.85,1,3.48,7.65,5,0,68.26,Pass,Medium
71,8.19,64,7.55,3,5.33,6.42,4,0,73.71,Pass,High
94,3.05,79,8.65,3,3.42,8.24,5,0,72.9,Pass,High
92,9.76,91,7.39,3,3.79,6.18,5,1,92.58,Pass,High
92,5.63,86,7.56,2,3.11,7.28,4,0,77.23,Pass,High
96,3.89,86,6.63,4,0.31,7.98,4,0,75.08,Pass,High
71,2.59,91,7.03,4,1.4,6.52,2,0,63.95,Pass,Medium
62,3.36,86,8.42,4,2.95,6.21,4,1,68.44,Pass,Medium
60,6.16,84,7.73,4,1.86,6.84,3,0,74.08,Pass,High
92,4.7,72,9.1,3,1.09,8.27,3,1,78.35,Pass,High
99,8.63,55,9.41,1,3.02,8.72,2,0,82.59,Pass,High
69,5.45,53,8.17,3,1.94,7.18,1,0,64.8,Pass,Medium
88,3.99,67,9.03,4,1.55,7.65,1,0,70.37,Pass,High
72,6.94,58,7.23,3,2.78,8.61,3,1,72.61,Pass,High
71,7.65,98,7.66,4,0.8,5.39,4,1,85.7,Pass,High
90,3.34,78,8.85,5,5.57,5.93,2,1,69.69,Pass,Medium
61,3.34,62,7.54,1,5.21,7.84,1,1,55.43,Pass,Medium
94,2.29,96,8.35,5,4.25,8.29,1,1,71.79,Pass,High
82,7.89,66,6.74,2,0.64,8.43,5,0,79.36,Pass,High
76,7.31,94,8.4,3,4.66,6.66,3,0,80.18,Pass,High
85,5.8,81,9.45,2,4.85,5.36,4,1,77.64,Pass,High
67,8.75,97,9.47,3,4.61,6.75,2,1,85.99,Pass,High
88,8.45,71,8.9,5,0.68,5.92,1,0,84.29,Pass,High
85,6.68,53,8.98,4,3.86,6.16,5,1,77.85,Pass,High
69,8.95,54,8.23,4,5.01,8.09,3,0,76.83,Pass,High
85,3.65,86,8.34,3,3.46,5.3,3,1,71.47,Pass,High
93,2.9,90,6.53,4,3.88,8.31,2,0,67.55,Pass,Medium
100,4.16,98,7.78,5,2.75,6.71,1,1,77.76,Pass,High
66,2.46,62,7.8,4,3.17,7.38,2,1,60.22,Pass,Medium
63,6.25,83,9.83,5,0.21,5.36,2,0,78.85,Pass,High
70,9.49,94,7.72,2,3.83,6.35,5,0,85.17,Pass,High
88,2.31,71,8.2,5,0.49,5.36,3,1,67.9,Pass,Medium
95,2.98,72,8.13,1,2.61,8.85,4,1,70.01,Pass,High
84,5.62,100,8.55,1,1.76,8.23,3,0,79.62,Pass,High
80,9.47,52,8.99,1,3.27,6.84,3,1,81.42,Pass,High
95,4.53,91,6.9,3,0.8,5.89,5,0,76.08,Pass,High
69,6.06,83,8.11,3,4.15,8.73,4,0,75.59,Pass,High
96,2.33,81,9.3,3,4.77,6.38,1,1,66.59,Pass,Medium
68,3.19,94,7.85,5,0.98,5.64,4,0,70.09,Pass,High
83,9.89,100,7.11,3,0.63,7.25,1,0,89.17,Pass,High
94,9.72,98,8.62,2,0.87,8.78,4,1,98.0,Pass,High
94,2.04,70,9.3,1,5.26,5.02,2,0,60.27,Pass,Medium
95,9.61,95,6.25,5,3.17,5.95,4,0,91.01,Pass,High
77,7.11,93,9.11,1,2.8,8.75,5,0,83.44,Pass,High
98,8.94,70,9.29,3,0.64,5.68,1,0,85.69,Pass,High
91,5.64,93,7.85,5,3.9,5.45,3,1,79.55,Pass,High
83,6.12,60,9.93,4,5.21,7.28,5,0,77.91,Pass,High
82,5.91,88,9.15,2,4.97,8.45,1,1,76.31,Pass,High
91,7.33,53,9.09,3,3.76,6.91,1,0,75.07,Pass,High
96,3.12,100,8.99,3,0.45,8.98,3,1,80.85,Pass,High
71,2.24,50,6.6,2,0.67,7.72,2,0,53.38,Pass,Medium
72,4.46,77,6.87,2,0.3,5.3,5,1,69.74,Pass,Medium
82,7.64,73,7.86,4,1.54,8.97,3,0,81.18,Pass,High
84,3.61,84,7.06,3,0.81,6.63,3,0,68.76,Pass,Medium
94,7.39,62,7.66,3,1.56,6.15,2,0,77.79,Pass,High
100,9.76,96,9.55,1,2.31,7.23,5,0,96.71,Pass,High
89,2.75,83,9.3,5,5.66,6.22,3,1,71.69,Pass,High
76,7.38,60,8.52,5,3.66,5.35,2,1,76.03,Pass,High
79,5.55,85,9.43,1,5.01,5.01,5,0,74.53,Pass,High
84,8.95,100,9.14,5,4.26,6.8,4,1,94.94,Pass,High
81,3.42,66,7.72,2,0.68,8.35,1,0,64.05,Pass,Medium
72,7.54,84,6.8,5,4.42,7.29,2,0,76.29,Pass,High
78,8.7,67,8.06,5,1.65,9.0,1,1,84.52,Pass,High
95,9.56,89,8.94,1,3.83,6.15,4,1,91.26,Pass,High
71,7.47,71,7.75,4,2.05,6.12,3,1,77.98,Pass,High
100,5.98,73,8.67,5,5.99,5.64,3,0,76.98,Pass,High
78,6.94,68,6.38,5,1.58,5.66,5,0,75.85,Pass,High
71,8.95,86,8.99,4,1.67,6.14,2,1,87.68,Pass,High
68,6.56,88,9.25,1,5.58,8.17,2,0,74.19,Pass,High
66,2.24,70,8.83,4,0.15,8.62,5,1,68.99,Pass,Medium
87,9.45,57,9.87,1,4.18,8.9,1,1,85.47,Pass,High
73,7.52,77,9.31,2,4.35,5.93,3,1,78.83,Pass,High
90,7.41,54,9.61,1,5.02,8.53,3,1,78.7,Pass,High
78,3.73,66,9.73,2,5.85,6.31,2,1,65.53,Pass,Medium
75,7.27,86,9.21,2,5.85,5.45,2,1,77.73,Pass,High
64,5.15,85,8.7,1,0.39,8.48,5,0,75.11,Pass,High
94,7.21,68,6.02,3,4.93,7.54,4,0,74.91,Pass,High
71,2.85,76,7.86,1,3.88,5.66,1,1,58.19,Pass,Medium
84,7.26,83,8.28,5,3.88,6.72,4,1,83.62,Pass,High
80,10.0,60,7.22,5,0.77,6.15,4,1,86.78,Pass,High
95,2.39,94,7.27,3,3.9,7.95,2,0,67.99,Pass,Medium
82,9.82,96,9.84,2,5.89,6.81,2,1,90.46,Pass,High
75,5.26,61,9.57,3,5.47,8.96,2,1,71.34,Pass,High
98,8.97,70,9.4,5,2.63,5.22,4,1,91.67,Pass,High
98,8.26,60,7.62,3,0.24,6.42,1,0,79.95,Pass,High
73,6.54,88,6.05,1,2.17,6.93,2,1,71.06,Pass,High
90,7.91,77,6.32,3,4.96,7.01,3,0,77.99,Pass,High
64,9.03,54,7.25,2,4.21,6.26,1,0,69.98,Pass,Medium
94,5.23,66,6.06,1,2.76,7.92,3,1,70.53,Pass,High
82,4.62,69,6.07,4,0.33,8.5,1,0,67.85,Pass,Medium
88,7.34,90,9.67,5,2.56,8.75,2,0,89.27,Pass,High
70,8.46,95,8.82,5,2.81,8.22,5,0,89.22,Pass,High
77,8.1,61,7.24,3,5.57,8.4,2,1,74.11,Pass,High
71,8.38,55,6.53,1,3.85,7.2,4,0,70.95,Pass,High
68,5.48,66,8.05,4,1.87,8.3,4,1,73.1,Pass,High
69,8.54,100,6.02,1,3.15,6.21,1,1,76.93,Pass,High
76,2.96,68,9.75,5,0.4,6.59,4,1,73.6,Pass,High
97,6.36,75,7.66,1,5.84,6.27,2,0,72.71,Pass,High
66,2.05,97,7.61,4,2.16,6.87,3,1,65.52,Pass,Medium
72,4.6,93,7.56,3,2.87,6.14,2,0,68.19,Pass,Medium
99,4.93,93,6.28,2,2.13,8.85,1,0,73.28,Pass,High
68,5.17,81,8.55,1,4.1,6.25,4,0,68.75,Pass,Medium
86,7.56,55,8.93,2,3.97,5.39,3,0,74.66,Pass,High
61,5.11,85,8.7,5,4.29,7.11,5,1,74.91,Pass,High
64,5.59,87,6.55,3,1.61,5.23,3,1,70.86,Pass,High
88,3.9,60,8.32,3,1.89,5.44,3,0,66.24,Pass,Medium
96,4.99,82,8.28,1,0.75,5.88,2,1,75.78,Pass,High
97,3.82,73,9.47,3,3.93,6.86,5,1,76.12,Pass,High
78,2.59,72,7.52,1,0.24,6.73,1,1,61.63,Pass,Medium
67,6.83,64,7.49,1,3.59,8.2,1,0,67.0,Pass,Medium
60,7.35,76,8.47,2,5.22,7.96,3,1,74.28,Pass,High
81,6.96,60,8.53,3,5.34,6.71,3,0,72.85,Pass,High
76,5.71,100,7.88,1,2.69,6.33,4,1,77.02,Pass,High
66,5.04,99,7.77,2,2.76,6.27,5,0,74.32,Pass,High
84,8.91,66,7.98,4,0.46,8.1,3,0,85.44,Pass,High
63,6.15,100,9.44,2,4.02,5.21,4,0,76.84,Pass,High
95,5.83,63,7.84,2,4.93,5.05,5,1,73.82,Pass,High
65,2.21,76,9.76,1,1.47,8.18,1,0,61.37,Pass,Medium
90,4.73,67,8.02,5,2.53,6.91,4,1,75.97,Pass,High
78,5.04,77,9.8,5,5.03,5.52,5,0,75.9,Pass,High
98,5.19,100,9.33,5,5.26,5.94,4,1,84.61,Pass,High
86,6.64,96,7.45,2,1.46,8.73,3,0,81.19,Pass,High
69,6.27,96,9.45,1,3.3,8.44,2,1,79.99,Pass,High
85,6.86,53,6.44,3,1.15,7.84,1,0,70.05,Pass,High
78,8.12,56,9.7,2,0.61,6.93,3,0,79.71,Pass,High
98,8.5,94,8.53,2,5.47,7.08,3,0,87.27,Pass,High
62,7.74,84,6.22,1,4.92,8.9,5,1,75.03,Pass,High
72,9.64,97,8.58,4,4.56,8.86,4,0,90.92,Pass,High
87,2.15,58,9.9,2,0.29,5.86,1,0,62.56,Pass,Medium
79,3.57,57,6.28,4,5.06,8.24,3,0,60.6,Pass,Medium
87,2.06,94,8.22,4,2.63,5.79,5,0,70.24,Pass,High
67,7.18,66,8.99,5,2.05,5.85,1,1,76.12,Pass,High
100,9.18,66,9.24,1,3.28,7.7,4,0,87.3,Pass,High
98,3.95,98,7.66,4,0.55,6.62,3,0,78.24,Pass,High
60,9.42,82,6.82,1,4.54,8.73,3,1,77.94,Pass,High
62,2.48,81,6.17,5,3.49,5.36,3,1,58.76,Pass,Medium
72,9.48,57,8.32,1,1.12,7.05,1,1,78.92,Pass,High
87,4.81,68,7.81,2,1.13,8.67,1,0,68.87,Pass,Medium
84,2.81,87,9.79,4,1.11,8.62,1,1,74.2,Pass,High
92,5.89,52,6.24,1,0.34,5.63,1,1,66.17,Pass,Medium
97,4.05,54,8.74,3,3.53,6.47,5,1,71.99,Pass,High
65,4.28,62,6.1,1,5.04,7.48,2,0,55.14,Pass,Medium
91,4.46,96,6.69,4,0.1,5.64,5,0,77.89,Pass,High
80,8.42,95,7.81,5,0.29,8.87,3,0,90.37,Pass,High
75,6.31,80,7.82,5,3.44,8.66,5,1,81.88,Pass,High
80,4.49,65,8.74,4,4.92,5.67,4,0,67.83,Pass,Medium
70,6.88,99,9.64,2,1.96,5.48,1,1,81.68,Pass,High
96,7.73,81,8.56,2,2.1,5.34,4,1,85.43,Pass,High
95,4.18,71,9.81,5,3.58,8.64,4,1,80.4,Pass,High
94,5.31,78,9.53,5,1.65,5.77,3,0,81.07,Pass,High
78,2.98,71,8.34,4,0.16,6.67,1,1,65.35,Pass,Medium
79,3.45,92,9.34,2,4.41,6.8,4,1,72.75,Pass,High
77,7.45,52,8.57,5,3.75,7.4,3,0,76.52,Pass,High
100,3.45,59,6.31,2,3.48,5.29,1,1,61.3,Pass,Medium
73,6.2,91,8.96,5,4.45,5.91,2,1,78.33,Pass,High
74,7.67,70,6.38,1,4.05,8.73,3,1,73.88,Pass,High
90,2.86,65,8.38,3,1.24,8.63,5,0,69.96,Pass,Medium
60,6.54,61,8.81,1,2.11,8.13,1,1,69.66,Pass,Medium
62,4.05,51,6.27,5,0.76,5.08,4,0,60.03,Pass,Medium
75,9.7,90,6.92,3,0.78,6.31,4,0,87.68,Pass,High
82,5.87,73,9.66,3,4.06,7.51,5,1,79.69,Pass,High
70,8.45,84,8.47,5,5.15,6.1,5,1,85.42,Pass,High
71,6.4,79,6.99,5,5.78,8.64,4,1,75.84,Pass,High
69,2.35,79,8.76,2,3.77,7.54,1,1,61.37,Pass,Medium
91,7.07,96,8.39,5,1.1,5.29,3,0,86.44,Pass,High
75,9.61,84,8.01,4,0.63,8.64,5,0,91.75,Pass,High
67,6.81,68,9.9,5,4.88,8.83,5,1,81.41,Pass,High
97,8.55,99,8.73,4,3.47,5.31,5,0,93.15,Pass,High
71,9.07,57,7.5,5,3.71,7.13,2,1,79.52,Pass,High
83,3.82,75,9.2,2,4.69,6.21,1,1,66.71,Pass,Medium
87,3.7,98,9.54,4,4.22,6.57,1,1,76.09,Pass,High
67,6.89,89,6.5,1,5.01,5.72,1,1,68.49,Pass,Medium
87,5.29,56,6.8,4,0.34,7.31,1,0,68.75,Pass,Medium
95,8.72,79,6.86,2,4.49,8.83,1,0,81.6,Pass,High
85,9.2,56,8.76,4,5.11,7.01,4,1,84.21,Pass,High
67,4.83,52,8.41,5,1.72,5.33,5,1,68.91,Pass,Medium
87,3.89,50,8.48,5,3.84,7.48,4,0,67.47,Pass,Medium
87,8.24,85,9.76,2,1.88,6.36,2,0,86.2,Pass,High
96,4.2,74,9.1,3,5.75,8.42,3,0,73.79,Pass,High
100,8.58,86,6.51,5,0.2,6.74,5,1,91.52,Pass,High
95,5.39,50,7.39,1,3.48,5.77,2,0,64.72,Pass,Medium
86,7.34,64,7.74,2,1.0,5.76,4,1,78.53,Pass,High
76,2.76,86,7.58,4,4.27,8.08,3,1,66.98,Pass,Medium
68,6.99,62,8.68,4,1.06,6.06,2,0,74.04,Pass,High
92,5.61,89,9.57,1,1.41,8.07,3,1,82.4,Pass,High
79,6.69,57,7.22,5,2.97,5.82,2,0,71.49,Pass,High
72,3.34,54,8.21,2,5.49,6.29,4,1,60.42,Pass,Medium
87,7.89,58,9.16,1,1.27,6.86,3,1,80.74,Pass,High
88,8.9,50,7.66,5,0.87,8.77,2,1,84.0,Pass,High
72,3.73,85,6.67,2,4.55,8.73,4,1,66.33,Pass,Medium
94,2.77,84,7.9,4,3.0,5.83,5,1,72.36,Pass,High
65,2.19,51,6.22,2,5.47,6.43,4,1,51.35,Pass,Medium
77,7.14,89,9.77,3,0.88,5.6,4,0,84.63,Pass,High
64,6.86,72,6.3,2,3.88,7.04,5,0,69.32,Pass,Medium
84,6.37,58,7.75,3,1.4,6.84,4,1,75.41,Pass,High
61,3.86,83,8.12,2,0.94,8.6,5,0,69.73,Pass,Medium
69,5.13,95,9.94,3,4.1,8.72,5,1,80.67,Pass,High
89,6.76,63,6.66,4,3.56,6.53,5,0,75.21,Pass,High
64,5.97,53,6.46,5,4.53,6.97,2,0,63.3,Pass,Medium
92,9.9,79,6.03,3,1.86,8.58,3,1,88.2,Pass,High
60,3.09,80,6.62,3,2.69,8.23,2,0,58.79,Pass,Medium
77,7.56,87,6.83,4,2.43,5.01,5,1,81.04,Pass,High
91,5.23,60,8.52,3,5.9,6.28,3,0,68.8,Pass,Medium
70,5.43,84,6.88,1,1.75,6.69,3,1,69.92,Pass,Medium
80,7.74,57,6.08,4,1.77,5.92,5,0,74.92,Pass,High
85,7.54,52,9.31,1,2.13,5.8,3,1,77.3,Pass,High
84,9.93,63,7.46,4,3.39,5.15,3,0,81.82,Pass,High
81,3.03,62,7.41,3,1.51,7.57,2,1,63.89,Pass,Medium
86,2.83,94,7.21,1,5.49,6.05,3,0,63.15,Pass,Medium
72,7.79,81,9.9,3,1.59,5.21,5,1,85.11,Pass,High
92,6.63,83,6.68,4,5.37,5.92,1,0,73.66,Pass,High
93,4.19,94,9.59,3,0.62,8.21,1,1,81.01,Pass,High
100,2.64,68,9.11,1,3.94,8.41,1,0,65.51,Pass,Medium
94,2.69,87,6.31,1,5.44,6.93,5,1,65.45,Pass,Medium
60,9.15,65,9.95,3,1.01,6.66,1,1,82.66,Pass,High
80,3.53,51,7.09,2,5.81,8.91,2,1,58.9,Pass,Medium
65,4.59,89,6.39,4,2.72,5.8,5,1,70.65,Pass,High
87,3.81,66,9.32,4,5.67,5.86,5,0,68.98,Pass,Medium
76,4.84,83,8.83,3,4.06,6.17,5,0,72.93,Pass,High
64,2.56,91,8.47,2,1.81,5.69,3,0,63.88,Pass,Medium
90,6.15,65,6.62,1,1.13,6.52,3,1,73.02,Pass,High
64,2.54,87,7.91,5,1.82,8.64,3,1,68.48,Pass,Medium
97,8.4,51,9.12,5,0.56,7.46,4,1,88.48,Pass,High
62,3.87,51,7.21,3,0.86,6.65,2,1,59.05,Pass,Medium
82,6.32,75,7.25,2,0.63,8.74,5,1,79.28,Pass,High
96,9.04,62,6.01,2,2.54,5.19,5,0,80.35,Pass,High
96,7.21,96,6.7,4,4.77,5.84,3,0,81.04,Pass,High
69,6.26,80,9.5,1,0.85,7.26,5,0,78.93,Pass,High
69,4.59,83,7.77,2,0.78,7.46,5,1,73.55,Pass,High
78,4.66,88,9.94,5,3.86,5.16,1,1,76.4,Pass,High
76,7.36,52,7.58,1,1.18,6.61,5,1,74.51,Pass,High
80,9.95,57,8.86,1,0.59,7.6,4,1,86.71,Pass,High
73,7.29,72,7.13,3,1.0,7.79,3,1,78.28,Pass,High
68,6.46,63,7.46,2,5.54,7.55,2,1,67.04,Pass,Medium
60,7.85,76,6.76,3,4.93,6.28,2,1,71.55,Pass,High
72,5.72,78,7.39,2,2.12,5.37,1,0,66.54,Pass,Medium
63,2.48,88,8.19,4,3.93,6.71,2,0,61.47,Pass,Medium
60,6.5,88,9.97,3,3.22,5.52,2,1,78.21,Pass,High
99,9.66,50,8.66,3,4.06,8.79,3,1,87.49,Pass,High
91,3.4,66,6.8,5,4.1,6.9,3,1,66.12,Pass,Medium
93,7.52,90,6.18,3,3.77,6.27,4,0,80.99,Pass,High
87,3.61,79,6.51,2,1.6,8.07,1,0,64.53,Pass,Medium
90,6.29,62,8.25,5,0.23,6.99,2,1,79.65,Pass,High
67,2.77,70,9.06,3,2.73,6.24,4,0,63.78,Pass,Medium
98,5.6,68,9.76,3,5.35,8.25,1,0,76.54,Pass,High
85,8.05,68,6.06,4,3.42,8.47,2,0,76.39,Pass,High
93,4.78,74,8.09,3,4.99,7.69,2,1,72.08,Pass,High
62,7.32,71,7.88,1,5.95,5.19,3,0,66.41,Pass,Medium
71,8.36,80,8.62,5,0.98,7.27,5,0,87.19,Pass,High
60,9.42,66,8.24,1,4.15,8.05,1,1,76.72,Pass,High
64,3.88,72,8.75,5,4.05,5.55,2,1,66.38,Pass,Medium
89,5.19,81,8.63,4,5.88,5.91,1,0,72.5,Pass,High
89,3.22,59,6.47,3,5.91,8.53,4,1,62.8,Pass,Medium
76,9.94,59,9.2,3,4.12,5.08,4,0,83.19,Pass,High
82,9.42,85,6.49,3,1.46,8.01,5,0,87.58,Pass,High
74,6.32,57,8.79,5,4.79,6.9,2,1,73.18,Pass,High
96,8.74,69,7.66,3,0.64,6.79,3,1,86.18,Pass,High
80,6.17,81,8.06,1,4.68,5.03,2,0,69.37,Pass,Medium
73,6.99,99,9.61,3,5.46,8.28,1,1,81.79,Pass,High
61,2.71,63,9.56,4,2.3,6.44,4,1,64.77,Pass,Medium
70,8.04,99,9.27,1,3.78,7.16,1,0,80.35,Pass,High
98,3.02,77,8.04,3,2.58,7.71,5,0,71.68,Pass,High
97,8.61,95,8.94,3,2.63,7.81,4,0,92.7,Pass,High
93,8.26,73,8.05,2,1.86,8.82,3,0,84.68,Pass,High
97,7.67,64,9.48,5,4.57,7.13,4,0,85.41,Pass,High
93,2.29,71,7.61,1,5.62,6.6,2,0,58.66,Pass,Medium
77,4.43,79,9.88,2,5.64,8.81,2,1,72.34,Pass,High
89,4.1,53,9.73,4,1.05,7.57,4,1,74.8,Pass,High
74,4.88,62,8.97,5,5.25,6.19,5,0,70.3,Pass,High
86,2.7,72,7.12,1,4.42,5.51,2,1,58.98,Pass,Medium
93,9.5,57,6.53,3,1.52,8.37,2,1,83.95,Pass,High
97,6.43,67,9.42,1,0.4,6.45,3,0,78.22,Pass,High
92,4.44,61,6.66,3,1.61,7.64,4,1,69.91,Pass,Medium
83,5.18,80,9.42,5,5.47,6.88,2,1,76.42,Pass,High
74,5.58,63,7.96,3,3.8,5.8,5,0,69.84,Pass,Medium
89,6.8,83,7.63,4,4.33,7.41,1,1,79.44,Pass,High
76,6.13,67,9.61,3,1.54,5.24,4,1,78.41,Pass,High
64,9.36,83,8.42,4,4.32,6.65,3,0,83.0,Pass,High
88,5.98,60,8.31,5,0.17,7.19,2,1,77.89,Pass,High
63,9.94,90,8.24,5,2.25,6.74,5,1,91.93,Pass,High
69,8.81,61,7.48,1,3.76,7.99,4,1,76.81,Pass,High
76,3.67,98,9.14,4,0.88,8.31,5,0,78.07,Pass,High
69,9.44,64,7.01,4,4.94,8.08,5,0,80.27,Pass,High
76,2.93,80,9.76,2,1.41,5.16,3,1,69.19,Pass,Medium
79,8.54,98,9.58,2,3.91,5.78,4,1,88.95,Pass,High
83,5.04,78,7.35,2,2.43,7.15,2,0,69.78,Pass,Medium
64,9.02,75,8.92,3,3.58,8.74,3,0,81.64,Pass,High
93,8.94,67,8.29,2,0.64,8.34,2,1,86.7,Pass,High
65,8.45,81,7.35,4,0.1,8.37,1,0,80.24,Pass,High
61,8.32,71,9.95,3,5.46,6.21,5,1,80.7,Pass,High
72,4.44,87,6.1,5,1.62,6.72,1,1,68.97,Pass,Medium
70,2.65,66,7.01,1,4.92,6.88,5,0,57.56,Pass,Medium
82,5.22,72,8.08,2,6.0,5.63,3,0,67.85,Pass,Medium
75,3.39,73,8.09,5,1.27,5.12,2,1,67.86,Pass,Medium
90,7.56,99,8.36,4,1.59,8.79,2,1,90.44,Pass,High
70,4.77,57,9.01,1,3.98,5.96,3,0,63.53,Pass,Medium
75,9.8,90,8.49,5,5.79,5.96,4,1,89.13,Pass,High
67,7.13,55,8.4,1,5.49,5.33,1,0,64.4,Pass,Medium
63,8.58,54,6.21,2,3.02,8.71,1,0,69.09,Pass,Medium
99,3.06,93,7.51,4,4.77,7.32,2,0,70.77,Pass,High
63,8.9,78,6.93,1,0.81,7.67,2,0,77.52,Pass,High
84,9.38,77,7.06,5,5.86,8.65,2,0,83.04,Pass,High
62,5.9,60,8.22,2,5.79,6.38,3,1,65.78,Pass,Medium
91,6.85,50,6.8,2,0.98,7.49,4,0,72.69,Pass,High
62,8.12,92,7.18,5,1.8,5.16,1,0,77.92,Pass,High
86,3.4,68,6.95,5,0.6,5.75,5,0,68.72,Pass,Medium
88,6.02,58,9.79,1,1.63,8.32,3,0,76.3,Pass,High
91,5.19,76,9.78,3,4.9,8.07,1,0,75.28,Pass,High
78,3.17,83,8.44,2,2.27,6.4,4,0,67.75,Pass,Medium
80,4.94,93,9.7,1,0.53,6.51,3,0,76.22,Pass,High
64,2.55,53,9.14,5,2.05,7.13,1,1,60.86,Pass,Medium
77,2.21,85,8.36,1,5.89,5.0,3,1,60.44,Pass,Medium
87,3.08,67,6.03,5,3.78,5.96,1,1,61.93,Pass,Medium
81,9.7,64,9.09,4,2.5,5.83,1,1,85.87,Pass,High
80,6.4,100,8.81,5,1.0,6.0,4,0,85.09,Pass,High
65,9.73,62,8.46,5,5.92,8.22,5,1,85.02,Pass,High
60,5.46,68,9.04,5,4.93,6.12,4,0,70.26,Pass,High
64,4.49,98,8.05,3,1.69,5.77,1,1,70.81,Pass,High
100,6.05,55,8.82,5,0.42,7.02,3,1,81.43,Pass,High
71,5.52,97,9.74,2,0.34,8.46,4,0,82.04,Pass,High
85,2.85,61,7.5,2,0.72,5.97,5,0,64.43,Pass,Medium
93,7.13,100,8.83,1,3.48,5.31,1,1,82.24,Pass,High
73,3.73,86,7.9,3,5.57,6.43,4,1,67.48,Pass,Medium
85,6.96,66,8.7,1,2.98,7.99,4,1,79.11,Pass,High
86,7.2,72,9.05,2,5.06,7.2,4,1,79.48,Pass,High
68,3.22,75,6.18,2,2.68,8.27,4,0,61.13,Pass,Medium
85,2.49,78,8.59,4,4.25,8.84,3,1,69.42,Pass,Medium
81,8.25,82,6.91,5,4.39,8.17,5,1,84.31,Pass,High
89,5.68,76,8.68,2,1.04,7.42,5,1,80.36,Pass,High
76,2.47,74,7.87,1,2.17,6.97,1,1,61.04,Pass,Medium
85,9.96,59,9.09,1,3.82,5.16,2,1,81.64,Pass,High
95,2.46,96,6.49,5,0.42,8.94,3,0,73.07,Pass,High
60,7.56,72,8.51,5,2.17,6.53,1,0,74.86,Pass,High
67,9.87,70,7.11,4,3.21,5.61,1,0,77.68,Pass,High
94,3.91,70,9.41,3,5.98,7.67,4,0,72.59,Pass,High
74,3.14,92,9.71,1,2.85,6.14,2,0,67.57,Pass,Medium
81,2.97,62,9.99,5,4.9,7.34,2,1,68.08,Pass,Medium
73,4.43,86,9.18,1,2.59,7.35,3,0,70.96,Pass,High
85,2.81,82,9.01,5,4.78,6.78,2,0,67.6,Pass,Medium
87,7.54,73,6.86,2,3.57,8.34,1,1,75.82,Pass,High
82,2.5,93,7.34,1,5.32,6.06,2,0,61.33,Pass,Medium
73,6.08,60,7.86,2,2.47,6.79,2,0,67.87,Pass,Medium
83,9.97,66,9.09,1,3.63,7.15,5,0,86.17,Pass,High
61,8.51,53,9.66,3,3.78,7.65,1,0,74.55,Pass,High
85,6.92,96,6.76,4,2.5,8.14,2,1,82.53,Pass,High
73,4.45,74,9.69,2,0.87,6.58,2,1,72.14,Pass,High
66,6.99,79,8.78,5,0.56,7.58,4,0,81.42,Pass,High
62,6.22,58,8.44,3,0.1,5.6,2,1,69.37,Pass,Medium
82,5.41,70,6.8,1,5.24,8.73,2,0,65.64,Pass,Medium
77,3.05,69,6.22,2,1.42,6.53,5,1,63.67,Pass,Medium
97,9.09,68,8.27,1,1.27,7.92,1,1,85.74,Pass,High
94,5.6,68,8.61,1,4.42,5.08,3,1,72.61,Pass,High
74,3.56,61,6.84,1,1.92,5.82,1,1,57.7,Pass,Medium
84,4.94,86,8.23,4,3.04,6.95,4,1,77.45,Pass,High
96,5.31,91,9.43,4,0.98,8.51,1,1,84.27,Pass,High
87,8.62,66,9.34,5,5.76,7.11,2,1,85.05,Pass,High
69,7.87,86,9.71,2,5.11,8.72,4,1,84.74,Pass,High
98,8.15,97,7.46,3,5.18,6.94,1,1,85.07,Pass,High
76,2.09,88,7.27,3,2.44,6.96,4,1,66.77,Pass,Medium
98,5.33,77,9.0,3,4.57,5.48,3,1,77.21,Pass,High
81,5.85,90,7.72,1,0.86,8.21,1,0,74.54,Pass,High
85,2.15,84,6.35,4,0.05,5.99,2,1,65.65,Pass,Medium
84,4.08,96,7.13,2,0.12,8.6,4,0,73.84,Pass,High
76,8.08,97,7.67,1,3.52,8.64,5,1,85.78,Pass,High
72,3.1,67,7.17,4,2.73,8.77,4,0,63.93,Pass,Medium
79,6.28,63,7.33,4,3.11,7.08,5,0,74.61,Pass,High
84,3.72,84,7.18,2,0.04,7.71,2,0,69.17,Pass,Medium
63,2.1,93,6.17,2,2.54,8.11,3,1,60.58,Pass,Medium
69,3.93,90,8.55,2,4.31,5.52,5,1,70.43,Pass,High
62,9.81,56,8.39,1,2.66,7.4,3,1,78.33,Pass,High
100,8.41,90,8.61,5,4.39,5.14,4,1,92.01,Pass,High
77,9.68,62,6.77,2,1.4,6.99,2,0,77.89,Pass,High
95,5.9,67,7.18,5,4.88,5.62,5,1,76.71,Pass,High
81,2.88,86,8.48,1,3.53,5.73,4,1,67.16,Pass,Medium
93,6.38,62,8.4,5,1.26,6.46,1,1,77.46,Pass,High
67,5.64,85,8.03,3,1.42,6.73,4,1,75.87,Pass,High
99,8.75,80,7.4,5,3.77,7.49,3,1,89.3,Pass,High
78,2.78,51,9.65,2,4.98,5.3,2,1,58.87,Pass,Medium
100,5.91,65,7.36,1,2.49,7.01,2,1,72.82,Pass,High
96,3.2,58,7.82,2,1.55,5.73,4,1,66.93,Pass,Medium
65,4.6,58,8.71,3,5.2,7.3,1,0,61.57,Pass,Medium
85,7.9,87,8.17,2,4.02,7.55,3,0,82.2,Pass,High
93,5.81,60,7.39,2,2.69,7.23,4,1,73.71,Pass,High
65,5.01,71,7.74,2,2.93,7.95,4,1,68.69,Pass,Medium
96,5.16,82,9.18,4,1.23,6.34,2,1,81.9,Pass,High
92,5.68,85,7.11,3,3.76,8.06,3,1,77.23,Pass,High
81,8.28,94,6.57,2,2.15,6.73,1,0,78.98,Pass,High
80,9.14,72,7.25,2,5.97,6.94,2,0,77.06,Pass,High
65,9.64,94,9.4,2,2.88,7.59,4,1,90.47,Pass,High
65,8.3,94,6.36,1,2.92,5.07,2,0,73.86,Pass,High
63,4.52,83,9.97,4,3.4,7.62,2,0,72.81,Pass,High
89,7.51,58,8.16,1,5.5,7.47,5,1,76.66,Pass,High
70,5.5,73,9.94,4,4.8,6.24,2,1,73.58,Pass,High
89,4.04,57,9.76,2,2.71,5.34,2,1,67.77,Pass,Medium
90,8.73,56,7.81,3,4.31,5.36,3,0,77.52,Pass,High
83,2.31,85,6.79,5,3.52,8.69,2,0,65.86,Pass,Medium
68,9.21,67,6.66,5,2.95,7.76,1,1,79.2,Pass,High
62,5.69,52,6.96,2,1.15,5.51,4,1,64.7,Pass,Medium
90,7.1,77,8.84,1,2.78,6.43,3,0,78.64,Pass,High
99,7.27,55,7.09,3,1.47,7.37,2,0,76.02,Pass,High
96,9.16,93,7.37,4,5.49,8.34,1,1,89.57,Pass,High
95,7.09,93,7.8,2,2.01,5.17,4,0,83.09,Pass,High
83,6.91,70,9.65,3,5.71,5.95,3,1,78.15,Pass,High
90,2.53,77,6.76,3,3.2,8.56,1,1,64.26,Pass,Medium
65,6.15,89,6.02,4,3.79,5.04,2,0,68.35,Pass,Medium
61,3.2,50,6.24,3,3.26,5.81,5,0,53.78,Pass,Medium
79,7.9,85,9.62,1,0.78,8.84,5,0,87.6,Pass,High
87,6.1,70,8.59,1,2.25,7.45,3,1,77.4,Pass,High
70,7.44,92,7.09,1,0.59,6.05,1,1,76.69,Pass,High
63,2.33,84,6.71,3,3.74,5.27,4,1,58.68,Pass,Medium
74,2.68,62,7.18,1,2.68,5.11,1,1,55.17,Pass,Medium
65,7.73,98,6.46,4,4.67,5.98,5,1,80.84,Pass,High
89,2.58,59,9.77,3,1.32,8.53,3,1,69.31,Pass,Medium
97,2.57,93,9.14,5,0.99,6.66,2,0,75.01,Pass,High
61,2.1,96,7.85,3,2.44,7.88,1,1,63.7,Pass,Medium
74,9.65,59,9.46,4,5.56,8.67,5,1,87.33,Pass,High
70,7.9,95,7.0,5,4.26,6.63,4,1,82.9,Pass,High
67,4.83,62,8.87,3,2.51,5.77,3,1,67.29,Pass,Medium
85,4.37,86,9.42,1,3.1,7.07,2,0,72.67,Pass,High
64,4.8,87,7.43,2,0.51,8.63,1,1,69.95,Pass,Medium
65,8.2,73,9.03,2,5.91,8.22,4,0,76.9,Pass,High
85,7.29,51,7.18,1,4.0,5.26,2,0,66.6,Pass,Medium
63,3.48,71,7.2,2,1.71,7.77,5,1,64.4,Pass,Medium
78,3.39,66,6.43,2,3.51,7.29,5,1,62.63,Pass,Medium
79,2.79,85,7.76,1,0.66,8.63,4,0,67.2,Pass,Medium
92,7.28,63,8.92,1,5.8,5.49,5,0,77.63,Pass,High
79,8.11,59,9.76,3,1.05,7.14,3,1,83.89,Pass,High
71,4.12,84,8.42,3,3.89,8.52,4,0,69.38,Pass,Medium
60,2.17,74,9.45,1,1.47,6.64,5,1,63.43,Pass,Medium
85,2.66,52,9.29,4,4.31,6.93,1,1,62.37,Pass,Medium
73,9.74,96,6.69,2,4.66,5.28,5,0,83.14,Pass,High
97,4.36,87,7.94,3,4.04,6.11,3,1,75.1,Pass,High
96,8.15,66,6.47,2,3.69,6.3,2,1,76.23,Pass,High
70,7.0,61,8.73,5,5.35,8.78,2,1,76.27,Pass,High
95,5.06,73,9.8,1,0.47,6.13,5,0,79.33,Pass,High
72,3.65,78,6.55,4,1.99,6.84,2,0,64.85,Pass,Medium
62,2.97,92,8.94,5,1.49,7.69,5,0,71.44,Pass,High
92,6.92,74,8.53,5,5.93,5.65,3,1,79.62,Pass,High
65,8.2,85,8.33,5,2.34,6.95,2,0,82.06,Pass,High
69,7.15,75,7.56,1,4.4,7.95,1,0,70.63,Pass,High
64,6.24,87,7.42,3,4.11,8.47,5,0,75.44,Pass,High
82,2.34,50,6.18,1,1.27,7.51,2,1,55.48,Pass,Medium
69,9.75,69,6.87,3,1.43,7.68,3,1,83.46,Pass,High
61,8.39,77,6.06,5,1.69,5.51,3,0,75.85,Pass,High
72,4.34,65,8.33,5,2.47,8.78,1,0,67.71,Pass,Medium
99,9.84,96,6.42,4,1.41,5.53,3,0,90.78,Pass,High
61,6.82,66,9.49,3,0.12,8.1,3,1,78.17,Pass,High
79,6.66,89,8.09,5,5.28,6.06,2,0,77.28,Pass,High
60,7.98,77,8.8,2,5.79,8.73,5,1,79.18,Pass,High
96,8.49,61,7.64,4,2.05,7.88,4,1,86.02,Pass,High
68,7.25,76,8.24,1,2.03,8.02,3,1,76.5,Pass,High
76,3.02,91,9.77,4,0.04,5.88,3,0,73.95,Pass,High
68,4.71,96,6.33,2,4.08,6.77,4,0,67.81,Pass,Medium
70,9.42,79,7.02,3,4.95,7.47,3,1,81.26,Pass,High
74,3.8,90,9.12,1,0.88,8.08,2,1,72.43,Pass,High
83,4.98,83,6.39,1,0.96,5.42,2,1,68.21,Pass,Medium
97,5.46,86,6.3,3,4.74,8.85,4,1,76.66,Pass,High
94,5.52,55,7.45,4,3.7,8.56,3,0,71.57,Pass,High
89,6.9,56,6.37,5,0.27,6.08,3,0,74.71,Pass,High
90,9.54,81,8.34,4,3.74,8.29,5,1,93.5,Pass,High
64,3.93,81,6.91,2,1.85,7.07,3,1,65.07,Pass,Medium
73,2.97,74,9.58,5,2.21,6.85,2,1,68.8,Pass,Medium
70,3.58,82,9.13,4,4.62,6.26,1,0,65.6,Pass,Medium
68,9.1,56,8.8,3,4.87,7.32,1,1,76.62,Pass,High
93,7.17,61,8.47,2,2.4,7.92,1,0,74.67,Pass,High
71,4.29,65,9.45,2,5.68,6.64,1,1,65.73,Pass,Medium
94,8.53,65,6.89,2,2.44,7.52,3,0,79.58,Pass,High
94,8.89,92,9.49,5,4.63,7.8,3,0,92.86,Pass,High
60,8.77,85,9.16,1,2.9,7.84,5,1,84.16,Pass,High
99,9.35,62,8.99,5,5.39,5.21,3,0,85.58,Pass,High
81,4.02,56,8.25,4,5.45,8.44,1,0,63.09,Pass,Medium
88,8.04,85,6.98,1,0.52,6.83,4,0,83.1,Pass,High
67,5.68,96,7.69,4,5.62,6.05,4,0,73.27,Pass,High
70,8.74,100,9.17,1,4.95,5.97,2,1,83.66,Pass,High
100,7.83,58,6.13,5,4.75,6.93,2,1,78.08,Pass,High
96,8.21,81,9.13,2,1.21,8.55,3,1,90.04,Pass,High
73,7.25,60,6.96,3,4.83,6.51,4,1,72.04,Pass,High
89,3.42,57,6.58,2,5.1,8.0,1,1,58.83,Pass,Medium
94,6.36,82,6.46,5,1.73,5.39,1,0,76.79,Pass,High
80,9.88,72,6.11,1,5.71,6.9,1,0,75.67,Pass,High
96,9.5,74,8.09,2,0.3,8.97,3,0,90.11,Pass,High
64,2.35,57,6.87,5,0.9,8.08,3,0,58.17,Pass,Medium
78,3.32,94,9.96,4,3.23,5.84,5,1,76.72,Pass,High
73,3.05,71,8.3,3,3.45,7.01,1,1,62.65,Pass,Medium
85,7.81,53,6.55,2,3.87,5.93,1,0,67.9,Pass,Medium
63,8.54,89,8.76,1,0.1,6.64,3,1,84.48,Pass,High
84,3.71,52,9.59,4,5.76,8.12,3,0,66.16,Pass,Medium
84,6.05,78,8.98,5,0.27,8.08,5,0,85.31,Pass,High
77,8.73,90,6.31,3,0.86,5.91,5,1,85.69,Pass,High
99,7.86,78,9.58,1,0.08,8.69,2,1,87.85,Pass,High
67,6.34,83,9.18,5,3.4,7.37,4,1,80.2,Pass,High
98,6.72,83,6.63,5,5.59,6.52,1,1,76.76,Pass,High
99,6.07,77,6.21,2,4.0,7.01,1,1,71.93,Pass,High
73,4.38,62,8.23,2,4.94,7.42,5,1,66.15,Pass,Medium
91,6.52,64,6.62,1,0.08,7.24,5,1,76.81,Pass,High
97,7.51,72,9.34,5,3.25,6.95,2,0,84.62,Pass,High
92,8.99,93,7.43,2,2.76,7.02,4,1,89.89,Pass,High
82,7.09,75,9.65,3,2.99,5.71,2,0,78.99,Pass,High
74,8.09,53,8.26,3,0.43,8.25,4,0,78.94,Pass,High
92,3.28,75,6.73,5,4.11,7.17,1,1,67.5,Pass,Medium
84,5.69,89,6.56,2,3.02,5.52,2,0,70.78,Pass,High
76,2.07,58,8.31,1,4.59,8.06,5,1,59.7,Pass,Medium
92,3.97,54,9.05,1,2.91,8.73,2,0,66.15,Pass,Medium
61,7.81,81,9.13,1,0.9,8.79,2,0,78.42,Pass,High
73,9.93,69,7.1,3,3.89,6.48,1,0,78.73,Pass,High
99,2.79,99,6.82,2,1.03,5.54,5,1,73.85,Pass,High
99,5.21,60,6.07,2,5.23,7.07,5,0,68.74,Pass,Medium
98,8.4,64,8.72,3,3.68,5.45,3,0,82.6,Pass,High
65,3.63,81,6.31,1,0.94,8.74,3,0,62.36,Pass,Medium
65,6.44,77,7.68,1,5.77,5.73,3,1,68.81,Pass,Medium
62,7.86,71,8.41,5,3.11,6.01,1,0,75.14,Pass,High
66,6.93,90,9.75,4,0.44,6.63,2,1,84.06,Pass,High
67,3.5,66,7.25,2,3.76,6.53,5,0,61.35,Pass,Medium
74,4.84,75,7.0,2,1.52,8.18,5,0,70.24,Pass,High
88,8.27,93,8.62,2,4.82,6.83,2,0,84.63,Pass,High
92,6.43,56,8.48,4,4.91,5.68,5,1,77.53,Pass,High
89,2.04,91,7.33,5,5.87,6.07,2,0,63.94,Pass,Medium
98,8.09,75,9.71,4,3.01,7.04,1,0,86.64,Pass,High
86,2.28,74,9.38,1,2.73,5.59,1,0,61.9,Pass,Medium
95,7.97,59,6.9,1,4.52,7.45,1,0,72.69,Pass,High
88,3.62,94,6.96,2,0.79,7.26,2,1,72.48,Pass,High
97,9.66,68,8.05,3,3.28,7.86,2,0,86.78,Pass,High
92,4.94,60,9.09,2,3.28,8.75,4,0,73.1,Pass,High
96,4.62,62,6.18,3,0.54,8.65,5,0,71.37,Pass,High
86,3.19,57,8.77,4,2.51,8.78,5,0,68.93,Pass,Medium
92,4.44,89,8.59,1,5.12,5.98,4,1,74.11,Pass,High
63,9.01,53,6.93,3,5.14,5.53,4,0,71.21,Pass,High
81,9.97,96,8.73,4,0.6,6.21,1,0,92.14,Pass,High
61,4.95,80,9.76,1,0.54,8.58,4,1,75.56,Pass,High
69,5.59,77,6.19,3,1.58,8.89,2,0,69.84,Pass,Medium
64,7.78,60,7.28,2,5.25,8.44,3,0,69.92,Pass,Medium
69,9.09,92,7.75,2,0.77,5.44,2,0,81.77,Pass,High
92,6.74,50,9.6,2,4.32,8.79,4,1,79.58,Pass,High
97,5.13,98,9.85,4,0.61,6.69,5,0,86.93,Pass,High
72,5.3,96,7.78,2,3.74,5.04,2,1,70.78,Pass,High
90,7.56,87,9.0,5,2.14,6.77,5,1,91.95,Pass,High
95,2.03,73,8.13,1,4.73,5.18,2,1,61.3,Pass,Medium
83,6.96,96,8.15,4,1.4,7.18,5,1,88.04,Pass,High
74,4.84,80,7.11,2,3.84,6.35,2,1,66.92,Pass,Medium
88,8.35,90,6.87,1,1.41,6.89,5,1,85.89,Pass,High
67,2.74,95,7.15,3,4.28,7.45,3,1,64.49,Pass,Medium
64,6.71,99,8.23,2,5.24,8.48,1,0,74.45,Pass,High
88,5.85,75,6.12,1,0.76,7.65,2,0,70.52,Pass,High
63,7.14,98,9.63,5,5.2,6.74,3,1,82.84,Pass,High
71,2.52,99,6.63,3,3.56,8.28,1,1,63.43,Pass,Medium
61,6.64,54,6.88,5,0.76,8.62,2,1,70.02,Pass,High
86,6.49,69,8.07,1,2.57,5.48,3,1,74.35,Pass,High
90,6.49,90,8.84,5,0.97,7.13,3,1,87.3,Pass,High
95,6.83,60,6.38,1,4.2,6.14,3,1,72.09,Pass,High
95,7.41,82,7.27,1,4.55,5.19,4,0,77.84,Pass,High
85,8.44,99,9.87,5,0.63,7.67,5,0,96.87,Pass,High
86,4.16,87,7.05,1,3.04,8.45,1,1,68.63,Pass,Medium
64,8.6,76,7.25,2,4.89,5.65,5,1,77.62,Pass,High
79,5.99,83,9.35,1,5.62,8.25,5,1,78.64,Pass,High
70,2.62,64,6.2,4,3.08,8.41,5,0,60.34,Pass,Medium
69,2.47,81,7.86,1,5.7,8.66,3,1,61.03,Pass,Medium
99,4.67,70,7.52,4,3.21,6.06,5,0,73.87,Pass,High
97,8.28,95,7.27,1,2.37,8.62,4,0,87.19,Pass,High
65,7.66,54,7.14,1,5.09,6.28,2,0,64.67,Pass,Medium
67,8.31,55,6.37,5,2.96,7.21,3,1,74.28,Pass,High
82,6.14,87,7.26,2,2.83,5.2,1,1,72.47,Pass,High
85,5.52,71,6.17,2,2.94,5.18,2,0,66.7,Pass,Medium
71,3.18,67,9.12,3,5.08,7.88,2,0,62.55,Pass,Medium
85,4.63,63,7.59,5,4.99,6.78,2,0,66.92,Pass,Medium
72,5.47,59,7.78,5,2.42,6.03,5,0,70.62,Pass,High
99,2.71,95,9.57,2,2.0,5.76,5,1,77.61,Pass,High
77,3.76,62,8.63,5,2.95,7.68,3,0,68.51,Pass,Medium
84,6.79,80,6.03,2,3.44,5.0,5,1,75.26,Pass,High
92,7.89,79,9.77,5,1.43,8.22,5,0,92.96,Pass,High
99,9.99,52,6.95,1,4.76,5.32,5,1,81.68,Pass,High
71,9.46,79,6.43,2,2.92,5.77,3,0,78.39,Pass,High
95,7.14,55,9.07,2,2.0,6.54,3,1,79.19,Pass,High
63,5.37,78,8.0,4,0.64,6.94,4,1,74.59,Pass,High
64,7.09,57,7.74,5,1.43,6.42,4,1,75.81,Pass,High
96,8.29,93,7.0,5,5.7,6.28,4,0,86.31,Pass,High
67,2.95,94,8.19,2,1.83,8.86,4,1,71.0,Pass,High
87,5.28,92,7.1,1,1.01,7.57,2,0,73.6,Pass,High
90,8.72,93,9.61,1,2.76,5.09,2,1,87.81,Pass,High
68,5.07,82,6.86,1,1.84,6.72,4,1,69.35,Pass,Medium
88,6.57,66,9.54,5,0.21,8.5,4,0,84.88,Pass,High
73,6.7,97,8.24,4,1.94,6.21,1,1,80.44,Pass,High
99,3.48,60,9.31,2,3.26,5.38,2,1,68.03,Pass,Medium
100,4.9,62,8.85,3,3.31,8.03,1,0,72.1,Pass,High
81,4.68,99,8.79,4,2.14,7.42,1,1,78.16,Pass,High
70,2.21,60,7.3,3,2.68,7.28,5,1,60.66,Pass,Medium
82,2.19,80,6.94,4,5.79,5.21,3,1,61.46,Pass,Medium
60,8.65,77,6.84,1,2.26,5.56,2,1,73.78,Pass,High
96,4.18,93,9.43,5,1.55,7.49,4,0,82.78,Pass,High
80,6.14,55,9.28,3,1.46,5.83,4,1,76.51,Pass,High
85,4.39,90,7.76,4,2.75,7.02,3,1,75.16,Pass,High
95,9.53,65,6.53,5,4.56,7.18,2,1,83.78,Pass,High
82,4.07,53,7.53,3,1.24,6.13,4,1,66.85,Pass,Medium
60,5.44,84,8.48,2,4.26,8.79,4,1,73.28,Pass,High
99,8.98,97,7.82,4,0.13,8.37,5,1,98.04,Pass,High
74,8.74,75,9.12,2,2.51,7.89,1,1,82.08,Pass,High
80,3.49,61,9.99,1,4.66,5.31,4,1,65.75,Pass,Medium
68,8.42,60,6.76,2,2.03,5.42,2,0,70.73,Pass,High
68,5.67,86,7.84,2,3.38,6.97,3,0,70.32,Pass,High
69,5.86,74,7.72,4,1.23,5.64,5,0,73.61,Pass,High
85,3.07,67,7.22,1,4.45,8.91,2,0,60.69,Pass,Medium
100,2.64,68,6.79,2,0.31,5.63,5,1,67.53,Pass,Medium
94,7.82,72,6.26,5,5.12,6.95,1,1,78.86,Pass,High
84,5.97,87,9.55,3,1.19,6.46,4,0,81.12,Pass,High
85,5.49,67,7.68,2,5.25,7.56,2,0,68.65,Pass,Medium
70,7.84,75,7.99,1,2.12,5.52,3,0,74.86,Pass,High
97,8.12,55,9.67,2,4.34,6.72,1,1,80.15,Pass,High
61,3.27,53,9.11,3,1.92,6.1,1,1,58.69,Pass,Medium
66,6.88,93,6.52,1,5.44,8.55,5,0,74.06,Pass,High
77,3.08,100,8.26,4,0.76,5.16,1,0,68.56,Pass,Medium
86,8.01,78,7.77,1,1.07,8.65,2,0,81.47,Pass,High
93,7.26,83,9.19,4,2.96,8.33,5,0,87.62,Pass,High
86,9.65,66,8.9,1,0.49,6.19,1,0,82.75,Pass,High
76,2.55,92,8.76,3,1.18,8.16,3,1,70.92,Pass,High
83,2.46,92,7.36,3,5.66,5.12,2,0,61.33,Pass,Medium
84,4.26,65,9.22,1,5.86,8.87,3,1,69.24,Pass,Medium
66,4.09,51,6.21,2,2.26,7.11,3,0,57.49,Pass,Medium
65,3.98,83,6.64,3,5.54,6.21,5,0,63.0,Pass,Medium
83,9.25,57,7.34,4,3.27,6.45,4,1,82.3,Pass,High
92,4.0,62,6.31,4,1.62,5.27,5,0,67.38,Pass,Medium
88,4.18,91,6.94,5,4.21,8.96,2,1,74.1,Pass,High
81,8.08,57,9.32,4,3.95,5.16,2,1,79.09,Pass,High
85,5.6,79,9.79,5,5.93,7.62,5,0,80.44,Pass,High
87,8.21,81,7.22,1,1.59,6.77,4,0,81.44,Pass,High
80,2.52,85,7.06,1,4.03,8.8,5,1,65.05,Pass,Medium
66,5.9,96,7.12,1,0.31,5.98,2,1,73.17,Pass,High
76,2.27,79,7.11,2,0.68,7.13,4,0,63.34,Pass,Medium
79,2.5,50,6.14,2,0.02,6.93,2,1,55.88,Pass,Medium
100,9.25,92,9.71,5,6.0,7.81,4,0,94.95,Pass,High
79,3.11,88,6.85,4,4.81,5.27,4,1,66.14,Pass,Medium
81,6.26,66,7.68,4,4.72,5.78,5,0,74.08,Pass,High
87,5.29,69,6.04,1,3.06,5.86,5,1,69.35,Pass,Medium
99,4.78,73,9.43,3,1.8,7.95,5,1,81.42,Pass,High
66,9.2,99,8.92,2,0.91,5.76,4,0,88.31,Pass,High
60,2.17,71,9.79,2,1.71,7.29,4,1,64.29,Pass,Medium
91,7.31,78,9.13,1,2.26,5.86,2,1,81.93,Pass,High
72,9.71,71,7.25,2,4.54,8.45,3,1,80.89,Pass,High
89,6.48,93,6.99,1,3.24,8.77,5,1,80.94,Pass,High
82,9.49,58,8.79,5,0.46,7.07,2,1,86.52,Pass,High
78,2.42,86,7.46,4,0.11,6.41,2,1,66.85,Pass,Medium
91,5.35,59,8.26,3,0.61,5.94,1,1,72.61,Pass,High
89,4.08,85,6.03,4,2.46,5.2,5,0,69.87,Pass,Medium
88,7.85,86,6.25,4,5.6,6.07,2,1,78.04,Pass,High
88,9.85,77,8.14,5,3.82,7.62,1,1,89.29,Pass,High
89,4.05,77,8.26,2,4.81,7.13,5,0,70.75,Pass,High
75,7.23,91,9.01,3,2.8,8.78,4,1,85.39,Pass,High
99,3.58,92,6.53,2,2.17,6.59,1,1,69.57,Pass,Medium
78,6.52,70,8.05,4,0.65,7.78,4,0,78.69,Pass,High
77,5.71,73,6.78,1,5.26,6.96,3,1,67.84,Pass,Medium
60,9.78,91,6.37,4,4.7,7.05,3,1,82.21,Pass,High
73,6.87,89,7.64,2,1.01,6.07,3,0,76.69,Pass,High
61,4.8,51,6.65,4,3.07,6.82,3,0,60.86,Pass,Medium
87,2.91,57,6.89,1,2.92,6.88,2,1,58.64,Pass,Medium
89,3.21,97,7.27,5,3.75,7.83,3,1,74.05,Pass,High
97,3.8,76,7.04,2,5.68,8.76,2,0,66.72,Pass,Medium
63,4.01,71,6.35,4,3.48,6.32,2,1,60.26,Pass,Medium
60,8.8,86,6.36,2,3.24,5.17,5,0,76.77,Pass,High
67,6.49,76,6.77,5,0.3,6.99,2,0,72.8,Pass,High
88,6.19,78,6.2,4,0.38,7.18,2,0,75.2,Pass,High
98,2.92,52,8.51,4,1.12,5.67,3,1,68.36,Pass,Medium
62,8.88,93,7.15,2,0.19,8.04,2,0,81.33,Pass,High
91,7.78,62,7.12,2,4.46,8.94,4,0,76.71,Pass,High
69,2.54,94,7.33,1,4.34,8.78,3,0,63.16,Pass,Medium
69,7.66,59,8.65,5,0.82,5.79,1,1,76.55,Pass,High
78,6.35,85,9.48,1,5.02,8.5,3,1,77.97,Pass,High
93,2.65,58,9.04,4,0.93,7.82,2,1,69.71,Pass,Medium
92,5.67,76,8.91,2,1.81,6.82,4,0,77.58,Pass,High
82,5.88,83,7.94,4,1.49,7.16,3,1,80.08,Pass,High
87,3.33,100,8.78,4,2.23,8.4,4,1,79.19,Pass,High
91,9.57,50,8.21,3,1.53,6.92,1,0,82.01,Pass,High
66,8.8,81,6.87,3,2.93,6.49,1,0,76.29,Pass,High
88,7.35,74,6.83,4,2.44,6.97,5,1,82.56,Pass,High
67,5.7,78,7.19,2,5.92,7.32,5,1,69.55,Pass,Medium
60,5.29,56,9.64,4,0.34,5.76,3,0,69.13,Pass,Medium
62,7.21,98,8.19,3,0.85,8.6,5,1,84.26,Pass,High
83,6.36,52,8.94,2,0.32,7.7,4,0,75.98,Pass,High
82,2.5,69,7.39,4,3.76,7.53,5,0,64.51,Pass,Medium
67,6.1,69,7.63,5,0.33,5.4,4,1,74.56,Pass,High
96,8.45,79,6.5,5,5.02,7.42,5,1,85.78,Pass,High
62,5.67,84,6.69,4,3.07,5.48,5,1,72.04,Pass,High
92,2.42,84,9.31,2,3.16,5.31,5,1,72.02,Pass,High
87,8.29,98,8.34,4,3.37,7.11,2,0,87.29,Pass,High
67,3.61,88,7.35,4,1.02,6.61,2,1,67.89,Pass,Medium
93,4.07,76,9.21,3,1.19,7.36,5,1,78.09,Pass,High
94,3.32,75,6.99,5,1.91,5.36,4,1,71.43,Pass,High
91,4.64,63,9.9,3,3.56,6.72,3,0,72.52,Pass,High
83,8.05,66,7.38,3,1.26,5.7,1,1,77.36,Pass,High
73,6.16,67,7.35,4,0.7,8.95,2,1,75.37,Pass,High
91,3.64,94,7.25,3,5.82,7.24,5,0,71.8,Pass,High
75,9.02,78,6.49,5,0.13,7.75,1,0,82.19,Pass,High
63,9.04,69,6.44,3,4.82,6.3,2,0,72.16,Pass,High
96,8.96,76,8.59,5,4.73,5.38,3,0,87.7,Pass,High
80,3.91,67,9.5,3,1.78,8.9,4,0,71.91,Pass,High
73,5.61,53,9.16,5,0.81,6.15,5,1,75.75,Pass,High
90,9.88,50,6.56,3,0.87,6.7,3,0,80.38,Pass,High
77,8.18,99,8.18,3,4.18,7.6,2,0,84.25,Pass,High
66,2.22,50,6.42,2,3.86,5.1,5,0,50.39,Pass,Medium
69,2.52,75,6.18,5,4.7,8.24,1,0,57.04,Pass,Medium
66,5.71,94,8.63,5,5.62,7.15,4,0,76.86,Pass,High
92,9.27,69,8.14,5,4.15,6.11,2,0,84.06,Pass,High
82,6.31,72,6.33,1,0.94,5.25,4,0,70.94,Pass,High
80,5.98,59,6.14,3,1.46,5.65,5,0,68.99,Pass,Medium
78,2.84,60,9.96,5,5.05,8.58,3,1,67.59,Pass,Medium
78,7.25,90,6.12,1,1.26,7.74,4,1,78.47,Pass,High
95,8.58,90,7.78,2,0.44,6.0,1,1,86.62,Pass,High
88,5.04,54,8.02,5,4.22,5.26,2,0,67.13,Pass,Medium
77,8.2,50,6.47,5,2.42,7.76,1,0,72.36,Pass,High
61,9.72,66,6.68,1,5.52,7.29,4,0,74.37,Pass,High
60,3.63,71,7.41,3,3.9,6.62,3,1,60.83,Pass,Medium
64,6.19,83,9.05,2,0.54,6.45,3,0,74.3,Pass,High
79,4.3,94,8.03,5,5.69,5.87,1,0,70.64,Pass,High
70,8.34,90,8.55,3,1.55,7.68,5,0,86.83,Pass,High
61,6.62,78,9.94,2,2.02,8.88,5,1,82.19,Pass,High
62,7.08,53,9.07,4,2.41,5.7,3,1,72.82,Pass,High
82,8.38,54,7.74,4,0.31,7.39,1,0,78.38,Pass,High
71,5.17,60,7.79,2,2.98,6.7,1,1,65.01,Pass,Medium
79,9.32,100,8.48,1,0.74,6.79,1,0,87.15,Pass,High
64,6.26,70,8.66,2,2.41,6.02,4,0,70.9,Pass,High
96,3.26,84,8.0,2,2.1,8.3,5,1,74.81,Pass,High
97,7.57,61,8.58,1,4.64,6.94,5,1,81.0,Pass,High
89,8.35,75,6.09,1,4.82,7.17,4,1,78.59,Pass,High
68,4.53,100,7.72,3,0.92,6.22,2,1,73.11,Pass,High
93,8.86,68,7.12,3,2.2,5.73,4,0,83.1,Pass,High
94,9.25,94,6.52,1,2.24,5.34,1,0,83.13,Pass,High
81,4.22,56,6.4,4,0.91,7.86,4,1,67.29,Pass,Medium
83,9.87,96,8.41,4,4.79,5.78,1,1,88.72,Pass,High
76,3.13,56,8.09,2,4.24,7.76,3,0,59.7,Pass,Medium
69,3.62,75,7.01,5,1.14,6.56,1,0,63.37,Pass,Medium
89,3.47,89,7.88,2,2.2,6.66,5,0,72.21,Pass,High
82,9.15,54,7.97,2,0.63,6.88,4,0,81.95,Pass,High
91,7.23,70,6.78,5,3.77,6.47,1,1,77.21,Pass,High
76,3.22,63,8.61,1,0.73,5.4,2,1,63.32,Pass,Medium
76,5.52,53,9.12,4,5.92,6.24,3,1,68.85,Pass,Medium
73,6.92,72,9.17,2,4.68,7.65,2,0,74.87,Pass,High
68,2.67,91,8.41,5,2.34,7.66,2,0,68.45,Pass,Medium
99,9.06,69,8.05,3,3.47,6.14,2,1,85.41,Pass,High
61,8.43,64,6.24,2,5.47,6.84,3,1,71.46,Pass,High
84,6.04,99,7.15,4,3.32,5.77,3,1,78.94,Pass,High
98,9.74,94,6.37,1,1.05,5.84,3,0,87.63,Pass,High
68,5.34,78,9.86,2,2.27,5.09,3,1,73.88,Pass,High
81,9.87,57,6.54,2,5.06,8.59,2,0,76.97,Pass,High
63,7.34,90,6.61,5,3.87,5.84,5,1,78.46,Pass,High
85,7.08,97,9.56,3,3.9,5.91,5,1,88.06,Pass,High
88,3.33,68,9.78,3,5.2,6.12,3,1,69.1,Pass,Medium
93,9.06,97,9.06,1,5.36,5.51,4,0,88.11,Pass,High
82,5.42,88,6.02,4,5.52,7.56,1,0,68.93,Pass,Medium
96,3.3,95,6.01,1,0.57,5.3,4,0,69.03,Pass,Medium
70,2.1,77,7.51,2,3.26,5.54,4,0,58.13,Pass,Medium
65,6.48,95,6.57,2,4.44,7.58,4,0,73.19,Pass,High
77,6.22,76,6.07,3,4.54,6.36,5,0,70.33,Pass,High
80,7.75,53,7.86,4,3.64,7.83,1,1,74.88,Pass,High
95,9.12,64,9.77,5,1.0,7.23,4,0,92.94,Pass,High
100,2.64,84,7.3,4,4.78,6.02,3,1,69.03,Pass,Medium
97,7.85,86,8.64,2,4.32,7.6,5,0,85.96,Pass,High
93,3.5,50,8.61,5,0.52,5.47,3,1,69.34,Pass,Medium
76,8.87,52,7.0,4,2.78,7.15,3,1,78.22,Pass,High
96,8.55,96,8.6,4,1.04,6.75,4,0,93.61,Pass,High
84,6.33,73,6.85,5,2.02,6.07,3,1,76.92,Pass,High
97,7.68,76,6.49,2,0.11,7.42,1,0,79.16,Pass,High
71,4.51,89,8.81,4,2.4,8.49,3,0,74.65,Pass,High
82,5.77,85,6.45,5,3.3,9.0,4,0,76.81,Pass,High
81,8.57,83,9.99,2,3.72,7.43,3,0,86.83,Pass,High
